pdb_id,chain_a,chain_b,split
7A5M,C,B,train
5EMB,B,A,train
1FY4,B,A,train
1GDN,A,B,train
1FY5,B,A,train
4Y9W,B,A,train
1FN8,B,A,train
2WFJ,B,A,train
5TDA,A,B,train
6Q00,B,A,train
6Q01,D,C,train
3FIL,B,A,train
1ALZ,A,B,train
2H5D,B,A,train
4U9H,S,L,train
5GJI,B,A,train
9LH0,B,A,train
4XOJ,B,A,train
3W7Y,D,B,train
3WGX,D,C,train
7A2X,B,A,train
4Z8J,B,A,train
1GVU,I,A,train
2XTT,B,A,train
3QL9,C,A,train
4G9S,B,A,train
1GDQ,B,A,train
1GVK,B,A,train
5JSK,B,A,train
5E7W,D,B,train
1XG0,C,D,train
9GZ4,B,A,train
9HPX,A,B,train
7Z8O,A,B,train
5OAV,D,B,train
7P5R,CCC,DDD,train
5HQI,B,A,train
2Z6W,N,M,train
7A2Y,B,A,train
4RTZ,B,A,train
1GO6,B,H,train
2G58,B,A,train
4HVU,B,A,train
4HVW,B,A,train
7OYN,B,A,train
7OYM,B,A,train
9QR1,F,C,train
9QQT,D,F,train
1HHZ,C,B,train
5O45,B,A,train
7A2W,B,A,train
7B1S,F,C,train
1ITT,C,B,train
1GA6,I,A,train
1GVX,A,I,train
1LKK,B,A,train
1OAI,B,A,train
1MSO,D,B,train
1PQ8,C,A,train
3U7Q,A,C,train
4K8Y,B,A,train
4TXR,C,A,train
4U2W,A,B,train
4LN2,B,A,train
5IVN,B,A,train
5IQN,G,A,train
5R43,E,D,train
6L8G,B,A,train
7T89,D,B,train
7ADR,F,C,train
6RD2,D,C,train
8KDX,B,A,train
8BJ8,B,A,train
4YSI,B,A,train
9F6S,B,A,train
8DA5,D,B,train
1P7W,B,A,train
6Z8M,B,A,train
8DA7,B,A,train
8QF4,A,E,train
9GZ0,B,A,train
3ROF,B,A,train
1NH0,I,J,train
9GZL,B,A,train
4WX4,C,A,train
9QDG,A,B,train
5N8B,H,F,train
3VZ9,D,B,train
6Q3P,C,B,train
6Q41,A,C,train
7Y8J,L,A,train
2J9J,C,B,train
1WUI,L,S,train
6S07,C,A,train
8BJ7,B,A,train
5QU2,E,D,train
5JSY,B,A,train
8W6X,S,L,train
2OIZ,B,A,train
6VER,B,A,train
3IQU,P,A,train
5R44,E,D,train
5N8J,A,B,train
3M7U,B,A,train
5R45,E,D,train
5CTV,E,C,train
5R42,A,B,train
5R46,E,D,train
5R48,E,D,train
5R49,B,E,train
5R4B,E,D,train
5R4D,E,D,train
5SVY,B,A,train
6FPO,M,L,train
7LKL,B,A,train
7D8D,D,A,train
7OQF,B,A,train
7ADY,F,C,train
7AIZ,F,C,train
9EZU,B,A,train
4J9C,B,A,train
6R4Z,E,D,train
7OQM,B,A,train
6YOO,A,B,train
8DA3,B,A,train
8GKO,A,C,train
4U9I,L,S,train
6TKK,B,A,train
2DKO,I,B,train
1GDU,B,A,train
2JE4,B,A,train
2W72,C,D,train
8BBP,B,A,train
4FKA,D,B,train
4WES,B,D,train
4K12,B,A,train
2O5G,B,A,train
1P7V,B,A,train
5OJ5,B,A,train
9E3S,D,C,train
7AZ2,P,A,train
7R5I,E,C,train
1K5N,C,B,train
4PZ3,A,B,train
6GY5,U,A,train
1N62,A,D,train
4JOK,D,C,train
6Z8J,D,B,train
6ZEG,D,C,train
1D4T,B,A,train
4J9F,F,D,train
1OEX,B,A,train
1R0R,I,E,train
1WUK,L,S,train
1XF6,D,C,train
1X1K,F,E,train
1TJ9,A,B,train
1TK4,B,A,train
1XVM,B,A,train
2AGY,B,A,train
2P45,B,A,train
2V89,E,D,train
4M91,B,A,train
2V8F,C,B,train
3RO3,B,A,train
4HVV,B,A,train
3MRE,A,B,train
4CJ0,B,A,train
4QLP,A,B,train
5A0Y,F,C,train
4UE8,B,A,train
5ADU,T,S,train
5AUL,A,B,train
5N8E,A,B,train
5N8W,A,B,train
5ELQ,C,P,train
5H5Q,A,B,train
5NQ0,C,B,train
5R47,E,D,train
5XEC,A,C,train
6M8W,B,A,train
6HMT,B,A,train
6M8Y,B,A,train
6MYE,B,A,train
6RTP,B,A,train
7LPF,B,A,train
7CIO,B,A,train
7BAA,B,A,train
7OJU,H,A,train
7OQN,B,A,train
7OQK,B,A,train
7ZKR,B,A,train
7W0Q,B,A,train
8ALX,B,A,train
8BZC,B,A,train
8B58,D,C,train
8BZW,B,A,train
8C04,B,A,train
8EHE,B,A,train
9GG8,P,A,train
5TDB,B,A,train
8XO3,B,A,train
3A8G,A,B,train
4EJD,B,A,train
3U23,B,A,train
9IA3,E,B,train
6BRA,S,B,train
8ANC,P,A,train
6QTS,B,A,train
6OSH,H,K,train
3DS4,T,B,train
3TT8,D,B,train
5AFY,H,I,train
4YEC,C,B,train
5I1S,B,A,train
6F4Q,A,B,train
7D9Z,H,L,train
5N7X,P,N,train
4UD9,I,L,train
6Y1J,P,A,train
4UE7,L,I,train
5LZH,E,C,train
6G6X,P,A,train
1ZGX,B,A,train
6NV2,P,A,train
8E2Z,C,B,train
8AVR,C,A,train
8VJP,B,A,train
8DAB,B,A,train
4WIH,A,B,train
2AGI,X,A,train
4JOE,D,C,train
5NB4,X,W,train
7RNS,A,B,train
7A2Z,B,A,train
6HOI,G,F,train
4XOD,B,A,train
4XO9,B,A,train
4W8H,D,A,train
9BG4,D,C,train
9GRF,M,A,train
9I3W,L,H,train
4KEL,B,A,train
6EAT,I,A,train
2AGE,A,X,train
2FHZ,B,A,train
2X7K,B,A,train
3DNJ,D,C,train
2OXW,X,A,train
2G5L,Y,X,train
3IQJ,P,A,train
2UUY,A,B,train
3MHR,P,A,train
3W7Z,A,C,train
4KU0,D,C,train
4ZAR,B,A,train
5GOD,B,A,train
5NNE,C,A,train
6O21,A,B,train
5NNF,B,A,train
5R4C,E,D,train
6VI2,D,B,train
7AZ1,P,A,train
7B9R,B,A,train
7B9T,B,A,train
7CN7,C,A,train
7M10,B,A,train
7OQI,A,B,train
7OYQ,B,C,train
7OYR,B,C,train
7SAK,B,A,train
7S7J,B,A,train
7W4Z,B,A,train
7W50,B,A,train
8SVI,A,B,train
8BP4,F,E,train
8ROP,B,C,train
8XNE,B,A,train
1HBN,F,C,train
1M1N,H,F,train
1MRO,F,C,train
2VH3,B,A,train
3AWU,B,A,train
4IHN,B,A,train
4UDW,H,I,train
3HHT,B,A,train
3OT1,B,A,train
4UEH,L,I,train
5LS7,A,B,train
5Z0D,B,A,train
5N9C,M,H,train
5Z0E,B,A,train
9T9W,C,A,train
8RMO,F,H,train
6Q43,C,B,train
5Z0F,B,A,train
9FBI,E,B,train
8SVH,A,B,train
8HLO,C,A,train
3F1P,B,A,train
5ONQ,B,A,train
4Z2O,A,P,train
5T5L,b,a,train
6XWK,BBB,AAA,train
5NGQ,G,H,train
5XCT,C,B,train
7Q5V,B,A,train
5Z0L,B,A,train
7R7W,C,B,train
7RMQ,B,A,train
8OKY,B,A,train
8AED,D,C,train
5OB0,A,B,train
8R7S,D,C,train
9MXD,A,B,train
5OB1,B,A,train
5USP,B,A,train
5UOZ,B,A,train
4JJ7,B,A,train
1UBK,S,L,train
2QA9,I,E,train
3A9J,A,C,train
3AYX,B,D,train
3WDD,A,B,train
3WDC,B,A,train
3X20,B,A,train
3WVD,B,A,train
4U1M,C,B,train
5AF9,L,I,train
5CGQ,B,A,train
5EQ0,B,A,train
5URT,A,B,train
5Z0H,B,A,train
7PH1,I,E,train
6Q0N,D,C,train
9I43,L,H,train
6EAU,I,A,train
8AOO,D,C,train
9QD6,A,B,train
8B2F,B,A,train
8GV1,B,A,train
5FOT,C,A,train
6EAX,I,A,train
6Q8G,D,C,train
7NFW,B,A,train
1N60,F,C,train
6YZH,A,D,train
4LLD,A,B,train
8BFT,B,A,train
8DAC,B,A,train
4B3B,C,A,train
5SZC,A,H,train
5UUK,B,A,train
1CSE,E,I,train
6RUC,B,A,train
6HER,B,A,train
1ALX,B,A,train
1G7A,B,D,train
1JET,B,A,train
1M5A,D,B,train
1QTN,C,B,train
1SQZ,B,A,train
1UBL,L,S,train
1WXC,B,A,train
2BMO,B,A,train
1W6S,D,B,train
1YMT,B,A,train
2AH1,B,A,train
2F91,B,A,train
2G2S,B,A,train
2IFQ,B,C,train
2ZFD,B,A,train
3BOG,D,C,train
3BZY,B,A,train
3JQL,B,A,train
3IQV,P,A,train
3D9A,H,L,train
3CZF,C,B,train
3POT,D,A,train
3UF7,A,B,train
3X25,A,B,train
4AJX,B,D,train
4F14,B,A,train
4JOF,D,C,train
4FL8,D,C,train
4NZU,H,L,train
4HY7,B,A,train
4OB0,B,A,train
4JOJ,D,C,train
5GJH,D,B,train
5H5R,B,A,train
5IMM,A,B,train
5JRD,M,L,train
5MXO,P,A,train
5MHC,P,A,train
5LMM,M,L,train
5OXZ,A,B,train
5NNG,B,A,train
5R4A,E,D,train
5SZB,H,A,train
5YRH,B,A,train
6DUB,F,E,train
6FU9,D,B,train
6FEA,C,F,train
6G7R,L,M,train
6HMU,B,A,train
6HIP,C,B,train
6O40,B,A,train
6QHL,A,P,train
6PQK,D,B,train
6Q0M,D,C,train
6RHC,P,A,train
6SWT,B,A,train
6WX3,B,A,train
6SZK,LLL,MMM,train
6XTR,C,A,train
6UAI,B,S,train
6XTS,C,A,train
6Y26,C,B,train
7AEW,BBB,CCC,train
7BI3,P,A,train
7BA8,B,A,train
7BIQ,P,A,train
7DDM,E,A,train
7BIW,P,A,train
7NV4,P,A,train
7NWS,P,A,train
7NXT,P,A,train
7NVI,P,A,train
7NXW,P,A,train
7NXS,P,A,train
7NXY,P,A,train
7O07,P,A,train
7O3A,P,A,train
7O34,P,A,train
7O59,P,A,train
7QYM,DDD,BBB,train
7OKL,B,A,train
7UXM,F,E,train
7W51,A,B,train
8APS,B,A,train
8AQK,C,B,train
8AVT,A,B,train
8BRS,B,A,train
8BX3,B,A,train
8BXI,B,A,train
8BYO,B,A,train
8BZ0,A,B,train
8DZV,C,A,train
8G1W,A,M,train
8OW6,A,C,train
8G82,A,E,train
8R0Z,P,A,train
8R7T,D,C,train
8R7U,D,C,train
8RPE,E,B,train
8T4R,D,A,train
9BFW,D,A,train
9ERQ,B,D,train
9BG8,D,C,train
9BFV,C,D,train
8TBG,D,C,train
9G43,Q,A,train
9G6Q,L,H,train
9GRJ,M,A,train
9I24,I,C,train
9N89,L,H,train
6NI9,B,A,train
9QDD,A,B,train
4HI8,B,A,train
4HI9,B,A,train
7QGF,BBB,AAA,train
8XO5,B,A,train
4QYO,Q,B,train
1N63,F,C,train
1SKG,B,A,train
7Q5X,B,A,train
6SQP,C,D,train
6MT3,A,C,train
8AVS,B,A,train
8C3N,B,A,train
8FXQ,Y,W,train
8PAY,H,A,train
8SPL,B,A,train
8SVG,B,A,train
9FC2,B,A,train
9TES,B,A,train
1MJU,L,H,train
1KYF,P,A,train
3AYZ,D,B,train
4UQL,R,Q,train
4O36,B,A,train
6F4T,B,A,train
6I4E,G,A,train
7Z7C,B,A,train
8B2R,B,A,train
9DNQ,D,C,train
8EC5,C,B,train
8BKF,AAA,CCC,train
9DNP,D,C,train
9DNR,C,A,train
5UU2,B,A,train
6WFY,P,L,train
5IMK,A,B,train
3RM2,I,H,train
4UU5,A,B,train
4XHV,B,A,train
6JWM,B,A,train
7RUP,B,A,train
5A4I,T,S,train
6YOW,P,A,train
8A15,B,A,train
8B0Z,B,A,train
8GZO,A,B,train
8JJV,B,A,train
8T19,B,A,train
8VTD,C,B,train
5VI6,B,A,train
6EM7,D,A,train
9GFY,B,A,train
1WUH,S,L,train
3AWS,B,A,train
3RM1,B,A,train
3SFJ,D,B,train
3X24,B,A,train
4A7G,F,A,train
4PJ2,D,C,train
4RTW,C,A,train
5XVE,B,A,train
5AHG,H,I,train
6I4D,G,A,train
6KEY,B,A,train
7NQP,P,A,train
7BF1,DDD,CCC,train
8G4K,B,A,train
9GG7,P,C,train
9N9N,D,C,train
7EK6,B,A,train
1C1D,B,A,train
1JEU,B,A,train
1IRD,B,A,train
1MFG,B,A,train
1MEX,H,L,train
1TJK,I,A,train
1V6Q,A,B,train
1TG1,C,A,train
1V7H,B,C,train
2BVR,L,I,train
2DN1,A,B,train
2DN2,A,C,train
2DN3,B,A,train
2WLV,B,A,train
2JKH,L,A,train
3AWX,B,A,train
3D1K,B,A,train
2WNV,D,A,train
3F9X,G,H,train
3G8F,B,A,train
3IVV,A,D,train
3NJN,D,B,train
3UP3,P,A,train
3L8L,D,B,train
3VXE,I,J,train
4HRR,H,F,train
4Y0Y,I,E,train
4TRP,H,L,train
5A0E,E,C,train
5A4F,T,S,train
5G0R,F,C,train
6FAU,D,B,train
5NJ9,F,E,train
6BHD,B,A,train
5XCO,B,A,train
6FG8,B,A,train
6G0R,A,C,train
6G8K,P,A,train
6GAL,M,L,train
6QHM,P,A,train
6R2W,T,H,train
6SYO,MMM,LLL,train
6V4G,B,A,train
6TVU,BBB,AaA,train
6VNT,B,A,train
6XXX,BBB,AAA,train
6XTM,A,C,train
6Y2A,A,C,train
7DA0,C,B,train
7H2G,B,A,train
7RJP,B,A,train
7RKD,D,B,train
7S6O,B,A,train
7TUC,P,B,train
7T1K,B,A,train
7X70,B,A,train
8BZA,B,A,train
9EIK,B,A,train
8IC9,D,B,train
9F7W,B,A,train
9IBU,F,E,train
3O2R,D,B,train
1RDQ,I,E,train
1V4F,A,B,train
2UUF,H,B,train
6E4D,F,A,train
2FCW,B,A,train
5A0R,E,D,train
3MEA,B,A,train
3NHE,B,A,train
3S43,A,B,train
5M2O,B,A,train
7N3H,L,H,train
6EH4,E,D,train
6GV0,D,B,train
7ZYS,B,A,train
8BD1,B,A,train
7QQY,B,A,train
8TBK,D,C,train
9BFY,D,C,train
9D5V,B,A,train
3SI4,L,H,train
3SOV,Z,A,train
6FJT,I,H,train
5N89,P,N,train
5R0D,B,A,train
5JZY,I,H,train
6O4M,B,A,train
6V2O,A,C,train
6QTO,B,A,train
7NP2,P,A,train
7Q4T,LbL,AAA,train
5NF0,F,H,train
7S5H,C,B,train
7RPU,P,B,train
8AN9,F,G,train
6E3D,B,A,train
9MEF,A,C,train
3W19,D,C,train
8GV2,B,A,train
4RTY,B,A,train
1MQK,H,L,train
4UP0,F,A,train
3TVJ,I,B,train
5N8A,X,A,train
5HRQ,L,J,train
2AGG,A,X,train
3LW1,P,A,train
3U8O,I,H,train
3MEU,D,C,train
5OL4,A,C,train
5NI3,D,C,train
5Z0K,B,A,train
6FR4,B,A,train
6RJL,P,A,train
6TS3,D,C,train
6Y29,C,B,train
7WJ2,C,B,train
8AQB,C,B,train
8S2M,B,A,train
8PEF,B,A,train
9CT8,D,C,train
6AT0,P,A,train
9OHL,D,C,train
6MRQ,A,I,train
2Y5F,A,L,train
6EAW,I,A,train
4B1Y,M,B,train
2Y5G,L,A,train
3TV3,H,L,train
2XN6,A,B,train
4HGC,I,A,train
4XMH,B,A,train
4ZKO,Q,P,train
5MM6,H,I,train
8DA8,B,A,train
6EH5,B,A,train
6YPQ,B,A,train
8ANO,I,H,train
7E0B,B,A,train
6UCF,H,A,train
8EBK,B,A,train
8TXF,B,A,train
8JLY,B,A,train
9CTA,D,C,train
3LN4,A,C,train
8SOV,B,A,train
9MUX,D,A,train
9D6K,B,A,train
9CTB,A,B,train
6FC0,B,A,train
6OC7,C,L,train
5WXH,P,D,train
6NE2,A,B,train
3P95,E,A,train
1G9W,C,B,train
1NCW,H,L,train
1JEV,B,A,train
1GK9,B,A,train
1NLU,C,B,train
1N61,F,C,train
1G7B,B,D,train
1TO2,E,I,train
1WKR,I,A,train
1PID,D,B,train
24XP,D,C,train
2DF6,C,D,train
2CF8,L,I,train
2CN0,L,I,train
2A50,B,D,train
2F69,B,A,train
2D5W,D,C,train
2H8F,D,B,train
2IUR,B,A,train
2GRR,A,B,train
2IZX,A,B,train
2J32,B,A,train
2PV2,F,E,train
2QDY,B,A,train
2ZPB,B,A,train
2PV1,B,A,train
3BWA,B,C,train
3BXQ,D,B,train
3D25,C,B,train
3D32,A,B,train
3D3B,J,A,train
3DRF,B,A,train
3LNY,B,A,train
3PTL,B,A,train
3QGJ,D,B,train
3MRG,P,B,train
3M2R,F,C,train
4CBU,G,A,train
3SPV,B,C,train
3SV2,I,H,train
4E7U,D,B,train
4ERY,D,A,train
4HM8,B,A,train
4HT3,B,A,train
4J44,B,C,train
4K1E,B,A,train
4KTS,B,A,train
4ZHB,B,A,train
4NMP,B,A,train
4Y11,I,E,train
5CVD,E,D,train
5D7F,P,B,train
5DC8,D,C,train
5FFV,C,D,train
5FOX,A,C,train
5INB,B,A,train
5I1N,D,C,train
5JB9,S,E,train
5IZ3,B,A,train
5JSH,B,A,train
5OK6,D,C,train
5TEG,E,D,train
5UD9,L,H,train
5USV,B,A,train
5V3N,B,A,train
6DDM,A,C,train
6F4R,A,B,train
6FUB,B,A,train
6FUD,B,A,train
6FBB,P,A,train
6G0P,B,A,train
6J2U,B,A,train
6M9F,A,B,train
6QTQ,B,A,train
6RL3,P,A,train
6QTU,B,A,train
6T9M,BBB,AAA,train
6SBA,B,A,train
6T1Q,B,A,train
6SYX,MMM,LLL,train
6TAH,DAA,CAA,train
6TBX,C,D,train
6TKL,I,H,train
6UYR,B,A,train
6TNQ,F,D,train
6V2P,C,B,train
6XY5,B,A,train
6XTD,B,A,train
6VJU,B,A,train
6XXC,B,A,train
6Y18,A,B,train
6YIA,P,A,train
6ZEH,D,C,train
7AQZ,D,C,train
7BAB,B,A,train
7AGE,G,E,train
7LHY,B,A,train
7DY4,H,F,train
7KWV,B,A,train
7COH,V,I,train
7QOU,B,A,train
7OBV,D,B,train
7T0H,L,H,train
7RG8,B,A,train
7UZO,B,A,train
8AXS,B,A,train
8BZ9,B,A,train
8CZF,B,A,train
8CZH,B,A,train
8JUG,C,A,train
8Q55,P,A,train
9ERB,M,L,train
8TK9,A,B,train
9FZK,B,A,train
9I6S,B,A,train
9I6T,B,A,train
9I6V,A,B,train
9I6W,B,A,train
9I6U,B,A,train
9I6X,B,A,train
9QNH,P,A,train
9QNJ,P,A,train
9QNL,B,A,train
9R2Z,A,B,train
9R4E,B,A,train
6F0W,S,A,train
5IQO,D,B,train
9SYN,B,A,train
6BSC,A,B,train
5L0V,B,A,train
6NSV,D,C,train
8XO2,F,D,train
7WZZ,C,B,train
6ESA,E,A,train
9ERC,L,M,train
5E0L,C,A,train
6QTV,B,A,train
4FLG,A,B,train
6MT6,C,B,train
2XQQ,H,G,train
6T4A,I,H,train
6T56,I,H,train
6TJT,F,D,train
7ABT,B,A,train
7D5B,A,D,train
7ETV,B,A,train
7G83,B,A,train
8BRT,B,A,train
8P0D,B,A,train
8IM0,B,A,train
8RS8,E,F,train
5XCQ,C,B,train
5UQA,L,J,train
6Y9Q,D,B,train
5XHZ,D,C,train
1Z0J,A,B,train
2UUJ,H,B,train
2XT1,B,A,train
2AOF,C,B,train
2ZWE,B,A,train
2ZWG,B,A,train
3A8M,B,A,train
3P73,B,A,train
5EMA,B,A,train
5QZ6,B,A,train
5Z0G,B,A,train
5Y34,D,B,train
6D3Y,A,C,train
5Z0I,B,A,train
6GG7,D,C,train
7BNT,C,B,train
6RKG,C,B,train
6GSC,B,A,train
7H2I,B,A,train
7HOL,B,A,train
7ROV,F,E,train
7OKG,B,A,train
8SRV,B,A,train
7RSW,C,B,train
7Z76,D,C,train
9FYS,M,C,train
9KHC,D,B,train
9I41,H,L,train
7H2R,B,A,train
5MY9,P,A,train
2XRW,B,A,train
2HO2,A,B,train
2Y5H,L,A,train
2XTS,D,B,train
2ZMX,A,B,train
4EE6,A,B,train
3ZE9,B,A,train
3FEA,A,L,train
3K05,D,C,train
5H3J,A,B,train
5HPR,A,B,train
5KXH,B,A,train
5NI9,A,B,train
6SLG,B,A,train
5UUL,B,A,train
6T3Q,L,I,train
6YHG,H,I,train
6YB6,D,I,train
6Z1V,B,A,train
7JOD,I,E,train
7JQK,I,E,train
7JRF,D,B,train
7NFB,C,D,train
7NSV,P,A,train
8Q1R,E,A,train
9HUB,M,C,train
8ZXW,A,H,train
9DNO,E,D,train
9BG3,D,C,train
9IDV,A,B,train
5BXO,D,C,train
9H8H,D,A,train
7ZV7,A,B,train
6ROT,A,H,train
1UBR,L,S,train
3RM0,I,H,train
3BFQ,F,G,train
1UBT,L,S,train
1YPH,E,F,train
3X26,B,A,train
4X5W,C,B,train
4JOR,D,C,train
5R04,B,A,train
5ONP,B,A,train
5XN3,B,A,train
6OSV,L,K,train
7FMI,B,A,train
6II1,C,A,train
6YAK,BBB,DDD,train
6Y3W,B,A,train
7ODH,S,L,train
7KGQ,C,B,train
8VLF,T,P,train
7OQS,P,A,train
9GVH,B,A,train
9YY0,L,H,train
9TDZ,B,A,train
9QR3,X,U,train
5FPK,C,A,train
9IFK,B,A,train
4PK3,B,A,train
6L0V,H,F,train
5UDP,L,J,train
7TGF,B,A,train
5I1O,D,C,train
1LK2,A,B,train
1P2J,I,A,train
1UBJ,S,L,train
1OBX,B,A,train
1UBH,L,S,train
1UBO,L,S,train
1UBU,S,L,train
2BVP,C,B,train
2DRM,G,E,train
1WDD,W,S,train
2G3D,A,B,train
2I0T,B,A,train
2HAL,I,A,train
2OEI,B,A,train
2PIE,F,A,train
2XDW,P,A,train
2ZWD,B,A,train
3AWW,B,A,train
3BOM,D,B,train
3AWT,B,A,train
3BUX,D,B,train
3EXX,D,B,train
3L0F,B,A,train
3FQ9,D,B,train
3FE7,A,L,train
3O18,B,A,train
3M32,F,C,train
3QX5,L,H,train
3VQG,B,A,train
3R0L,D,C,train
3WA4,B,A,train
4DFX,I,E,train
4J47,B,C,train
4DJC,B,A,train
4HPK,B,A,train
4L7X,U,A,train
4KTU,B,A,train
4LP9,I,A,train
4NB3,D,C,train
4LMS,C,D,train
4NDO,A,B,train
4ONL,B,A,train
4PK2,B,A,train
4ONM,B,A,train
4UDT,B,A,train
4WJQ,D,B,train
4WHS,D,B,train
5BXU,B,A,train
5ENA,B,A,train
5FOS,C,A,train
5A7V,A,B,train
5JT1,B,A,train
5NJC,F,E,train
5N6Y,F,C,train
5NIG,A,B,train
5T5J,b,a,train
5TZP,B,A,train
5YD3,A,C,train
5YD4,B,H,train
5V1V,D,C,train
5Z0J,B,A,train
6FC1,D,B,train
6F5Z,D,C,train
6BHE,B,A,train
6FPW,L,M,train
6FR3,B,A,train
6G10,C,B,train
6G6K,B,D,train
6MS1,D,C,train
6JOZ,C,B,train
6M9Y,C,A,train
6NPP,B,A,train
6R18,A,B,train
6MTL,C,B,train
6RP2,S,T,train
6RXK,B,A,train
6S34,B,A,train
6TKG,L,I,train
6T53,I,H,train
6TRN,B,C,train
6V4F,B,A,train
6V7Q,B,D,train
6ZBX,E,B,train
7FK2,B,A,train
7AGC,G,C,train
7JZQ,C,A,train
7FK9,B,A,train
7T1L,D,C,train
7NEM,M,L,train
7KYT,B,A,train
8AQA,C,B,train
8B2Q,I,A,train
8ARR,B,A,train
8CWT,F,D,train
8DA9,D,B,train
8ESE,Z,X,train
9CT9,C,D,train
8GT1,B,A,train
8PFE,D,B,train
8S02,D,B,train
9D5Y,B,A,train
9I72,B,A,train
9D5U,B,A,train
9I71,B,A,train
9LB5,D,B,train
9Q1H,B,A,train
7H27,A,B,train
5NUE,C,B,train
9QNG,B,A,train
4QY8,Q,B,train
2XZC,L,H,train
2OMH,D,F,train
6RU9,B,A,train
4B2B,C,A,train
4ZKN,P,U,train
4ZKR,P,U,train
5CEC,A,B,train
5PAX,C,A,train
5PAG,B,A,train
5K4F,D,C,train
6MEE,D,B,train
6LYC,B,A,train
5QY2,A,B,train
5QZW,A,B,train
6NVX,B,A,train
6WG8,B,A,train
7H1V,A,B,train
8AFN,B,A,train
7H2E,A,B,train
7UXN,B,A,train
8S6A,P,A,train
8Q64,A,B,train
8ROE,B,A,train
8BF1,B,A,train
8TYX,B,A,train
8UG2,B,A,train
5OOV,B,A,train
7H2L,B,A,train
5M6Y,B,A,train
5TY6,L,H,train
8GCK,C,E,train
6HGM,B,A,train
5WCA,L,H,train
1KUG,B,A,train
3CJS,C,B,train
2ZMZ,B,A,train
3EMH,A,B,train
3UVW,A,B,train
3SO6,Q,A,train
3ME9,D,C,train
4M5S,B,A,train
4CFQ,A,B,train
4RTV,B,A,train
4EIS,B,A,train
4Y0Z,I,E,train
4Y10,I,E,train
5AQB,B,A,train
5C0G,C,B,train
5N5W,P,A,train
5QYZ,B,A,train
6G8L,P,A,train
6FR5,B,A,train
6I20,B,D,train
6KC4,B,D,train
6MV4,H,L,train
6QTR,B,A,train
6XT0,B,A,train
6Y2B,C,B,train
7B13,P,A,train
6ZA1,B,A,train
7NPB,P,A,train
7H1U,B,A,train
8E13,A,B,train
7NPG,P,A,train
8EBL,C,D,train
8Q6E,A,B,train
9KGJ,D,C,train
9NN4,E,D,train
8SII,G,F,train
9ERP,M,L,train
7H1Y,B,A,train
5N7U,B,A,train
5M13,B,A,train
7PIH,B,A,train
5E50,D,C,train
7H1S,A,B,train
4D8I,B,A,train
1XMZ,D,C,train
8Q1Q,D,A,train
6XIC,I,B,train
2P49,B,A,train
3TOD,B,A,train
4K7L,B,A,train
4R6R,H,F,train
4U1J,A,B,train
4WW1,B,A,train
5IBP,B,A,train
5WL1,B,A,train
5NB3,A,B,train
5JDI,C,A,train
6PYW,C,B,train
6I42,B,A,train
6Y1D,B,A,train
6T3M,I,H,train
6Y27,C,B,train
7H1P,B,A,train
7RJO,B,A,train
7PFY,D,B,train
7K3Q,L,H,train
7H1Z,B,A,train
7ZW5,B,A,train
7ZWX,B,A,train
8QU4,C,B,train
8GOJ,D,B,train
8R38,L,H,train
9F1I,Q,P,train
6UCE,C,H,train
9RGA,D,B,train
7H2F,A,B,train
6W0V,B,A,train
4WZX,A,E,train
7G8T,B,A,train
1K55,D,C,train
6ZMX,D,B,train
2BFD,A,B,train
2C3V,B,A,train
2UUK,H,B,train
2CZ1,B,A,train
2H9H,I,A,train
2ZPG,B,A,train
4Z2V,P,C,train
3K4V,A,B,train
5N1Y,B,C,train
5LCE,I,H,train
5ONR,B,A,train
5QZO,B,A,train
6T55,I,H,train
6GW3,D,C,train
6V4Q,L,H,train
6QTW,A,B,train
6XZZ,B,A,train
6ZEI,C,D,train
7ETU,A,B,train
7H20,A,B,train
7X6Y,B,A,train
7HOJ,B,A,train
7ZWO,B,A,train
8RV1,A,B,train
8JUF,A,B,train
8OWS,A,C,train
9DTW,B,A,train
9ID3,A,B,train
9IWM,B,A,train
9UGP,B,A,train
9V8G,B,A,train
9V8H,B,A,train
9X2V,B,A,train
6EAV,I,A,train
8QDG,B,A,train
6R4W,D,C,train
9FKW,B,A,train
9FL5,A,B,train
7AC9,I,H,train
6IR2,B,A,train
4E34,D,C,train
6LJK,B,A,train
7PIF,B,A,train
6P2C,C,B,train
7H1W,B,A,train
6V7P,B,D,train
7KGP,C,B,train
7S4O,A,B,train
4X9R,A,B,train
6J9O,L,H,train
6VXY,C,A,train
7NLC,B,A,train
8HQV,B,A,train
6MYD,D,B,train
7H1X,B,A,train
9R5Y,C,B,train
5J1S,C,B,train
1GA4,I,A,train
1GA1,I,A,train
7H2C,B,A,train
1C1X,B,A,train
1BEN,D,B,train
1H2R,L,S,train
1GG6,C,B,train
7X1B,C,B,train
1HAZ,B,A,train
1H8D,I,L,train
1I4F,C,B,train
1I73,B,A,train
1JLT,B,A,train
1JY2,S,P,train
1GK8,O,M,train
1N13,L,J,train
1O7N,B,A,train
1OGA,E,D,train
1PFB,B,A,train
1QOP,A,B,train
1Q7L,D,B,train
1RUP,H,L,train
1SGP,I,E,train
1RJC,A,B,train
1RUK,H,L,train
1SSH,B,A,train
1SVF,D,B,train
1T7R,B,A,train
1UBM,L,S,train
1Y43,A,B,train
1WUJ,L,S,train
1YC5,A,B,train
2AOI,C,B,train
2A83,C,B,train
2AGL,B,A,train
2BN1,B,A,train
2AXI,B,A,train
2BN3,B,A,train
2GCO,B,A,train
2BNU,B,A,train
2BVS,L,I,train
2HKR,B,A,train
2H6M,I,A,train
2I0S,B,A,train
2I0R,B,A,train
2J30,B,A,train
2NW2,B,A,train
2OLB,B,A,train
2OXG,Y,F,train
2R9P,I,E,train
2QFA,A,C,train
2UYZ,B,A,train
2WWZ,B,A,train
2XKN,D,B,train
2ZWF,B,A,train
3A9K,C,B,train
3AX0,B,A,train
3AWV,A,B,train
3BOO,A,B,train
3BDG,B,A,train
3FDO,B,A,train
3GKV,A,B,train
3KNB,B,A,train
3KUJ,A,B,train
3KUS,D,C,train
3M2U,A,D,train
3KYJ,B,A,train
3M58,A,B,train
3MRB,P,B,train
3MGN,G,J,train
3MRK,P,B,train
3O1F,B,A,train
3OBQ,B,A,train
3P1N,P,A,train
3P34,B,A,train
3RMO,H,I,train
3PLU,D,C,train
3Q1I,E,A,train
3RUN,B,A,train
3UVK,B,A,train
3W80,H,F,train
3ZZY,D,C,train
4AG1,C,A,train
4CKQ,C,A,train
4CFR,Q,B,train
4CY7,A,C,train
4CY3,D,A,train
4DAT,B,A,train
4E1H,L,J,train
4DG4,H,F,train
4E35,D,C,train
4E7T,D,B,train
4FM6,C,A,train
4J9E,F,D,train
4KN9,M,L,train
4N6P,B,A,train
4LEB,B,A,train
4NIB,B,A,train
4NMQ,B,A,train
4M0W,A,B,train
4NMO,D,C,train
4NMT,B,A,train
4NMV,D,C,train
4O37,B,A,train
4OEL,B,A,train
4U1P,B,A,train
4Q4W,4,3,train
4QRS,C,B,train
4QRT,C,B,train
4TUL,H,L,train
4UE3,MMM,LLL,train
4WY4,A,B,train
4Y5I,G,F,train
4YTW,D,B,train
4YLQ,L,H,train
5A2M,L,I,train
5DJT,B,A,train
5I1P,D,C,train
5B78,B,A,train
5CQ2,B,C,train
5JBA,E,S,train
5JBT,Y,X,train
5KVF,H,L,train
5KVG,H,L,train
5JSU,B,A,train
5MVV,G,A,train
5NRM,B,A,train
5LRY,M,L,train
5MJT,D,H,train
5MA4,A,B,train
5NJA,F,E,train
5OVV,B,A,train
5NWG,I,H,train
5PAO,C,A,train
5NT7,A,C,train
5VXR,P,L,train
5ST9,B,A,train
5PAV,C,A,train
5TNT,B,A,train
5QY9,B,A,train
5WMQ,C,B,train
6CN8,B,A,train
5YL7,B,A,train
6BHI,B,A,train
5YRE,B,A,train
6FAW,C,A,train
6G0O,B,A,train
6DN7,D,B,train
6FAV,B,D,train
6FRJ,H,B,train
6COJ,B,A,train
6G0Q,B,A,train
6GFQ,C,B,train
6GAM,S,T,train
6HOL,D,C,train
6I4H,G,A,train
6J2A,C,B,train
6KA9,H,F,train
6I51,I,H,train
6J14,G,B,train
6KAO,B,A,train
6KMJ,C,A,train
6LCW,H,F,train
6O24,I,K,train
6LCX,H,F,train
6SQK,E,D,train
6O53,C,B,train
6O7M,D,B,train
6SAV,B,A,train
6TSM,BBB,AAA,train
6TDP,B,A,train
6VJJ,B,A,train
6TSL,BBB,AAA,train
6VRY,H,G,train
6UYZ,D,B,train
6XTQ,C,A,train
6XTO,C,A,train
6XTN,C,A,train
6WDU,B,A,train
6XRU,B,A,train
6XVT,H,G,train
6YNC,B,A,train
6Y1L,L,H,train
6YLD,D,B,train
6XVD,P,U,train
7BJL,P,A,train
7BJF,P,A,train
7B4V,D,B,train
6YPY,P,A,train
7BJW,P,A,train
7BA3,B,A,train
6YQ2,P,A,train
7AXN,P,A,train
7BA6,B,A,train
7BG3,P,A,train
7M55,L,H,train
7F3S,B,A,train
7MT4,B,A,train
7EAM,D,L,train
7D0E,B,A,train
7BKH,P,A,train
7KU9,B,A,train
7KJM,C,A,train
7M53,A,L,train
7DY3,H,F,train
7NHU,B,A,train
7NJ9,P,A,train
7NM1,P,A,train
7NK5,A,P,train
7NK3,P,A,train
7NJB,P,A,train
7NLA,P,A,train
7NMH,P,A,train
7NLE,P,A,train
7NM3,P,A,train
7NND,P,A,train
7NR7,P,A,train
7NYF,P,A,train
7NYE,P,A,train
7NYG,P,A,train
7NZG,P,A,train
7NY4,P,A,train
7NZV,P,A,train
7NZ6,A,P,train
7NZK,P,A,train
7O3F,P,A,train
7O6K,P,A,train
7OQU,A,P,train
7O6M,P,A,train
7O6O,P,A,train
7O57,P,A,train
7O3P,P,A,train
7OQJ,P,A,train
7O6J,P,A,train
7OW1,K,H,train
7P8X,M,A,train
7SG5,H,A,train
7PUL,P,A,train
7QNS,PA,PB,train
7Q9H,PB,PAC,train
7S5S,B,A,train
7Q9C,PBA,PAC,train
7S51,D,C,train
7QOV,B,A,train
7QHJ,PB,PA,train
7UGM,L,H,train
7W0S,F,D,train
8ALT,B,A,train
7Y6C,D,A,train
7ZSE,B,A,train
7ZPD,B,A,train
7YAA,B,A,train
8ALR,B,A,train
7Z5L,B,A,train
7ZWZ,A,B,train
8ANF,B,A,train
8AOY,B,A,train
8AQ1,B,A,train
8ARQ,A,B,train
8AR5,B,A,train
8ATS,P,A,train
8AT9,A,B,train
8AQZ,B,A,train
8ARX,B,A,train
8ATP,B,A,train
8AUS,B,A,train
8AV7,A,B,train
8BFC,B,A,train
8B2I,B,A,train
8B4Q,B,A,train
8BJG,B,A,train
8BI7,B,A,train
8B2K,B,A,train
8B5P,A,B,train
8B39,B,A,train
8BJN,B,A,train
8BM5,B,A,train
8C40,B,A,train
8C0K,B,A,train
8C42,B,A,train
8C30,PPP,AAA,train
8C4F,B,A,train
8BYZ,B,A,train
8C43,B,A,train
8BNT,B,A,train
8C3Z,B,A,train
8D54,B,A,train
8EMZ,A,B,train
8GT5,B,A,train
8IPZ,H,F,train
8GSW,B,A,train
8JOW,C,A,train
8K00,B,A,train
8G9Q,D,A,train
8Q6D,B,A,train
8ROO,B,C,train
8UK5,B,A,train
8TN4,L,H,train
9C66,B,A,train
9EJW,B,A,train
9E9G,B,A,train
9BFX,C,D,train
9ER5,M,L,train
9EQI,M,L,train
9ER7,M,L,train
9ERR,M,L,train
9EVF,D,B,train
9ER9,M,L,train
9I6Z,B,A,train
9I70,B,A,train
9EW3,P,A,train
9GAM,B,A,train
9FJ3,F,C,train
9EW1,P,A,train
9I73,B,A,train
9I75,B,A,train
9IED,B,A,train
9JM8,B,A,train
9PU8,C,A,train
9M4Y,B,A,train
9M4X,B,A,train
3S66,B,A,train
9PU1,C,A,train
9M50,B,A,train
9QSP,B,A,train
4ODK,C,B,train
4ZV0,B,A,train
6BCB,A,F,train
5E95,B,A,train
5N1N,B,A,train
4JMG,B,A,train
5J1T,C,B,train
6UYV,B,A,train
5N3A,B,A,train
6O3D,H,L,train
3BZZ,B,A,train
7H1N,B,A,train
7G82,B,A,train
1GKF,B,A,train
7X1C,C,B,train
4YZU,B,A,train
3ASL,B,A,train
3C00,B,A,train
3WQB,B,A,train
4LNP,B,A,train
4Z0K,B,A,train
5A8K,F,C,train
5MDL,S,L,train
6MEG,L,H,train
6SQO,D,A,train
7FN8,B,A,train
6TAW,B,A,train
7FOG,B,A,train
6VB2,C,B,train
7FMA,B,A,train
7H1O,B,A,train
7N4N,D,A,train
7OHI,B,A,train
7QTW,B,A,train
9BGA,D,C,train
9EAF,D,C,train
9R4C,B,A,train
7TOA,D,A,train
8G4Y,B,A,train
8QU3,C,B,train
7H1Q,B,A,train
4RRV,B,A,train
7H1I,B,A,train
6QDY,C,B,train
6UYP,B,A,train
6AT6,A,B,train
8SGF,Z,Y,train
8CM6,D,B,train
5M6V,B,A,train
7K3K,B,A,train
6YX7,LLL,JJJ,train
7H1T,B,A,train
7H2H,A,B,train
2AOH,C,B,train
3CBP,B,A,train
4LLQ,B,A,train
2DRK,B,A,train
5I4H,B,A,train
4J46,B,C,train
4OHA,B,A,train
4RMH,B,A,train
4UQP,R,Q,train
5KWN,U,A,train
5LVS,H,D,train
6F4J,D,C,train
6XUK,L,H,train
5NJF,F,E,train
6WJ7,A,B,train
6T5D,A,B,train
6B9X,E,D,train
5TDR,B,A,train
6U22,C,A,train
5W89,A,B,train
6Y8E,P,A,train
6YQI,B,A,train
7DNG,B,A,train
6Z00,D,C,train
7LD9,B,A,train
6YMP,I,H,train
7N0R,D,C,train
7G8F,B,A,train
7G8B,B,A,train
7N3G,L,H,train
8CMC,C,B,train
8VGC,P,B,train
9D34,C,A,train
8TI6,A,B,train
9I9X,B,A,train
8VSL,A,P,train
8FKC,A,D,train
8VGD,B,A,train
9CT7,D,C,train
9GHK,Q,B,train
9K9P,A,B,train
9SPS,E,A,train
5D1C,D,C,train
5V1Y,F,E,train
5KYC,C,B,train
9FWU,B,A,train
4I2L,D,C,train
4XXC,B,C,train
5LCQ,B,A,train
7PIE,B,A,train
4UFD,L,I,train
2PUY,A,B,train
4X9V,B,A,train
3P17,I,H,train
4B2C,D,B,train
3AWZ,A,B,train
3HSV,A,B,train
3NFK,A,B,train
4TKU,D,B,train
2ZCF,B,A,train
2XN7,B,A,train
5NPZ,C,B,train
4XCF,L,H,train
5L0T,B,A,train
5C3F,B,A,train
6TOK,B,A,train
6D40,A,C,train
6BCD,B,A,train
5QZ9,B,A,train
6XIE,I,B,train
6MS7,A,B,train
7BF2,DDD,CCC,train
7VD7,B,A,train
7OKJ,B,A,train
7PVX,D,B,train
7TZK,D,C,train
7HOQ,B,A,train
7KPU,A,D,train
7OQ8,B,C,train
7FP1,B,A,train
7OFV,B,A,train
7X6Z,A,B,train
8AD9,D,C,train
9IDN,B,A,train
8QEH,A,B,train
9NYN,C,B,train
8CH9,G,H,train
8UG0,A,B,train
9NKQ,A,B,train
8BZE,A,B,train
9GFD,L,H,train
9OJ3,A,C,train
9VOG,C,A,train
5N1M,B,A,train
3N9G,L,H,train
6S5S,D,E,train
4KT3,A,B,train
4BX5,C,A,train
5LCP,B,A,train
5N33,A,B,train
9FWS,B,A,train
2FNT,P,B,train
3WDE,B,A,train
4J73,B,A,train
4URH,S,R,train
2R80,D,B,train
3V5A,B,A,train
5IB2,C,B,train
5LXI,B,D,train
4G7X,B,A,train
5N0O,B,A,train
5N4B,C,D,train
6XYX,D,C,train
5QZN,B,A,train
5STZ,B,A,train
6PYJ,C,B,train
6XRH,B,A,train
5STC,B,A,train
6YA6,B,A,train
5ST4,A,B,train
6YHJ,I,H,train
7LIN,A,B,train
7KD7,B,E,train
7G8R,B,A,train
7FME,B,A,train
7DMA,B,A,train
7NDY,G,B,train
7Q7S,B,A,train
7FKH,B,A,train
7FKT,B,A,train
7FN1,B,A,train
8AN5,C,B,train
8DYE,A,B,train
9V6Z,B,A,train
8ST7,C,A,train
8JSU,B,D,train
9M1D,C,A,train
8PN3,D,C,train
9FZB,E,A,train
5INZ,C,B,train
9V8D,B,A,train
3G1B,D,C,train
4O6W,C,A,train
4GXV,M,L,train
1J40,H,F,train
1JBO,A,B,train
1DLF,H,L,train
7CQ3,B,A,train
1FM0,E,D,train
1J41,A,C,train
1GM7,B,A,train
1KUK,B,A,train
1N7S,D,C,train
1VWL,P,M,train
1VWJ,P,M,train
1X7Q,C,B,train
1XD3,C,A,train
1TM5,I,E,train
1VWK,P,M,train
1SQ2,N,L,train
1ZKK,H,G,train
2A53,C,A,train
2A54,B,D,train
2HXC,B,A,train
2AH0,B,A,train
2AGW,B,A,train
2CIA,L,A,train
2D5Z,B,D,train
2D5X,B,A,train
2F3Y,A,B,train
2ITK,B,A,train
2JBA,B,A,train
2OK4,B,A,train
2RI7,P,A,train
2W73,O,M,train
2ZMY,B,A,train
2OK6,B,A,train
2VIF,A,P,train
2V52,M,B,train
3BUW,A,C,train
3GOF,D,C,train
3HDS,E,F,train
3KL6,A,B,train
3L36,H,A,train
3L37,H,A,train
3L41,B,A,train
3T5F,H,I,train
3O8Q,B,A,train
3M30,F,C,train
3T65,B,A,train
3WNF,C,D,train
3U98,L,H,train
3M1V,F,C,train
3ZOQ,C,B,train
4HPJ,A,B,train
4DRI,B,A,train
4L2I,B,A,train
4IUC,S,L,train
4ABJ,B,A,train
4IUM,B,A,train
4HDR,D,B,train
4ESA,D,B,train
4IUD,S,L,train
4L9P,A,C,train
4M4L,D,B,train
4QLI,B,A,train
4Q6S,D,C,train
4X33,B,A,train
5AZZ,B,A,train
4UE1,I,H,train
4YY6,Z,A,train
4RMI,B,A,train
4X3K,A,B,train
5CFA,C,D,train
5EUI,B,A,train
5E1D,E,D,train
5JB8,S,E,train
5L0S,A,B,train
5M9O,B,A,train
5KYF,C,B,train
5MFI,D,C,train
5L20,C,B,train
5N39,B,A,train
5N7Q,B,A,train
5NWD,I,H,train
5ND0,B,A,train
5STR,B,A,train
5PB2,C,A,train
5X4G,B,A,train
5NRK,D,B,train
5STF,B,A,train
5UL6,M,A,train
5NHU,K,J,train
5PAE,B,A,train
6BHG,B,A,train
6BXP,A,B,train
6BXG,B,A,train
6AX4,C,A,train
6DZ4,B,A,train
6BJZ,L,H,train
6F4P,B,A,train
5XLU,A,B,train
6DNO,C,B,train
6FBW,D,B,train
6FCP,P,A,train
6H8J,A,B,train
6KAE,H,F,train
6GBW,L,H,train
6KAP,B,A,train
6M64,F,D,train
6L5V,B,A,train
6KAH,H,F,train
6OFQ,B,A,train
6KAI,A,C,train
6W9L,B,A,train
6TVQ,BBB,AaA,train
6T52,I,H,train
6QSP,B,A,train
6TCR,L,H,train
6Q4Q,D,C,train
6R19,F,C,train
6PYV,C,B,train
6OJ7,C,A,train
6TVW,DbD,CCC,train
7AA7,Q,P,train
6X0C,B,A,train
7B56,B,A,train
6XBG,E,C,train
6YQG,B,A,train
6YQV,L,I,train
7B4U,B,D,train
6YSJ,I,H,train
7BA5,B,A,train
6Z0M,H,F,train
7FKD,B,A,train
7DOH,H,L,train
7FP4,B,A,train
7BA7,B,A,train
7FO7,A,B,train
7EKB,H,L,train
7FNS,B,A,train
7D3D,b,a,train
7HOW,B,A,train
7IAW,D,B,train
7KH6,B,A,train
7RJR,B,A,train
7QOM,B,A,train
7NUS,F,E,train
7RNU,H,F,train
7M8U,C,B,train
7QOY,B,A,train
7PFZ,C,B,train
7NEL,B,A,train
7PFQ,D,B,train
7RZL,B,A,train
7TUD,Q,P,train
7UV5,C,B,train
7ZR2,B,A,train
7X00,C,B,train
7VEN,B,A,train
7SSF,H,F,train
7ZTM,B,A,train
7Z0V,B,A,train
7W3E,V,I,train
8A8O,D,C,train
8P2T,L,H,train
8D36,F,L,train
8ARY,B,A,train
8ENW,D,C,train
8OJU,H,L,train
8PAT,A,H,train
8IBP,A,C,train
8H7K,B,A,train
8ENS,C,A,train
8QU2,C,B,train
8RNG,B,C,train
9D65,B,A,train
8S1T,D,B,train
8YTG,B,A,train
8TBJ,D,C,train
9ER6,M,L,train
8Z54,B,A,train
9EZV,B,A,train
8SP6,L,K,train
9FVG,P,A,train
9FVH,P,A,train
3HPW,C,A,train
9R4A,B,A,train
6O3K,H,L,train
5EP6,D,B,train
5GH9,A,B,train
7G8V,B,A,train
9JU1,C,A,train
9HFV,B,A,train
6R4Y,E,D,train
7H2P,B,A,train
1R8S,E,A,train
7YV1,H,I,train
1VWG,P,B,train
8XO6,F,D,train
1W70,C,D,train
7QXC,LLL,HHH,train
8BI3,DDD,BBB,train
5MYC,P,A,train
3LAE,X,A,train
2BFF,B,A,train
2J5G,D,L,train
2RA3,C,I,train
3GP2,B,A,train
3B7V,C,B,train
3FP7,E,I,train
4DXU,A,B,train
3VDF,B,A,train
3FP8,I,E,train
4HRT,H,F,train
4WJO,A,B,train
5JFD,L,H,train
6RWU,A,P,train
5WXF,P,U,train
6T82,B,A,train
5ST7,A,B,train
5OUC,E,A,train
6HSJ,B,A,train
6IHX,D,B,train
6S5P,F,E,train
6VET,F,D,train
6YW1,B,A,train
7Q7T,B,A,train
8BZH,B,A,train
8TBN,D,C,train
8C2Y,P,A,train
7AC4,B,A,train
8C4G,B,A,train
8CNC,B,A,train
8P6H,H,L,train
9GC7,B,A,train
9C79,D,L,train
