pdb_id,chain_a,chain_b,split,num_residues,num_binding
1BEN,B,A,test,30,20
1AY7,A,B,train,96,19
1AY7,B,A,train,89,20
1CGI,E,I,train,245,33
1CGI,I,E,train,56,19
1D4T,A,B,train,104,28
1A3N,A,B,val,141,23
1A3N,B,A,val,145,24
1A3N,C,A,val,141,6
1A3N,D,A,val,145,18
1CSE,E,I,test,274,31
1CSE,I,E,test,63,15
1DLF,L,H,train,113,23
1DLF,H,L,train,120,23
1ATN,A,D,train,371,17
1ATN,D,A,train,258,24
1A2K,A,B,val,124,43
1A2K,B,A,val,124,39
1A2K,C,A,val,196,2
1A2K,D,A,val,199,20
1A2K,E,A,val,205,0
1BVN,P,T,train,496,32
1BVN,T,P,train,71,24
1FM0,D,E,train,81,24
1FM0,E,D,train,142,31
1C1X,A,B,train,348,0
1C1X,B,A,train,347,0
1C1D,A,B,val,350,0
1C1D,B,A,val,349,0
1FC2,C,D,test,44,14
1FC2,D,C,test,207,17
1FY4,A,B,train,224,23
1FY5,A,B,train,224,23
1G7B,B,A,val,30,22
1G7B,F,A,val,30,0
1DFJ,E,I,test,124,30
1DFJ,I,E,test,456,35
1FN8,A,B,test,224,23
1G7A,B,A,val,30,21
1G7A,F,A,val,30,0
1GG6,B,A,train,131,16
1GG6,C,A,train,97,6
1GA1,A,I,train,370,14
1GDQ,A,B,val,224,27
1GDU,A,B,train,224,22
1GDN,A,B,test,224,24
1GA4,A,I,train,369,22
1GA6,A,I,train,369,11
1GRN,A,B,train,191,22
1GRN,B,A,train,197,32
1GVK,B,A,train,240,25
1GVU,A,I,val,328,28
1E6E,A,B,val,457,28
1E6E,B,A,val,113,28
1E6E,C,A,val,456,38
1E6E,D,A,val,106,0
1HAZ,B,A,train,240,18
1GVX,A,I,train,328,27
1H8D,H,I,val,260,17
1GK9,A,B,val,208,158
1GK9,B,A,val,557,186
1HRC,A,,val,104,33
1GKF,A,B,train,207,157
1GKF,B,A,train,557,180
1GM7,A,B,train,206,156
1GM7,B,A,train,557,179
1I73,A,B,train,163,14
1IRD,A,B,train,141,24
1IRD,B,A,train,146,29
1I4F,A,B,val,275,40
1I4F,B,A,val,100,31
1HE1,A,B,train,135,4
1HE1,B,A,train,135,7
1HE1,C,A,train,176,26
1HE1,D,A,train,176,5
1H2R,S,L,test,267,94
1H2R,L,S,test,534,87
1JBO,A,B,train,162,41
1JBO,B,A,train,171,37
1JLT,A,B,train,122,39
1JLT,B,A,train,122,42
1JEU,A,B,train,517,28
1JET,A,B,train,517,24
1JEV,A,B,train,517,32
1JY2,N,O,train,43,20
1JY2,O,N,train,51,23
1JY2,P,N,train,44,19
1JY2,Q,N,train,43,1
1JY2,R,N,train,50,18
1JY2,S,N,train,47,3
1J40,A,B,train,141,25
1J40,B,A,train,146,28
1J40,C,A,train,141,12
1J40,D,A,train,146,16
1J40,E,A,train,141,0
1J40,F,A,train,146,0
1J40,G,A,train,141,0
1J40,H,A,train,146,0
1K5N,A,B,train,276,51
1K5N,B,A,train,100,32
1KAC,A,B,train,185,15
1KAC,B,A,train,124,22
1JTG,A,B,train,262,36
1JTG,B,A,train,165,34
1JTG,C,A,train,261,2
1JTG,D,A,train,165,0
1J41,A,B,train,141,25
1J41,B,A,train,146,29
1J41,C,A,train,141,12
1J41,D,A,train,146,19
1J41,E,A,train,141,0
1J41,F,A,train,146,0
1J41,G,A,train,141,0
1J41,H,A,train,146,0
1KUK,A,B,val,201,17
1KUG,A,B,train,201,18
1LKK,A,B,train,105,22
1LZ1,A,,train,130,0
1KYF,A,P,train,247,10
1M5A,B,A,train,30,22
1M5A,D,A,train,30,2
1MFG,A,B,train,95,19
1LK2,A,B,val,274,44
1LK2,B,A,val,99,34
1MQK,L,H,train,109,24
1MQK,H,L,train,123,22
1MEX,L,H,train,213,48
1MEX,H,L,train,211,47
1MJU,L,H,train,219,59
1MJU,H,L,train,211,57
1K55,A,B,train,244,0
1K55,B,A,train,244,0
1K55,C,A,train,246,32
1K55,D,A,train,246,17
1MSO,B,A,train,30,21
1MSO,D,A,train,30,4
1MAH,A,F,train,533,27
1MAH,F,A,train,61,21
1GK8,A,C,train,464,17
1GK8,C,A,train,464,13
1GK8,E,A,train,460,0
1GK8,G,A,train,462,17
1GK8,I,A,train,125,44
1GK8,K,A,train,125,0
1GK8,M,A,train,125,0
1GK8,O,A,train,125,27
1N13,A,B,train,46,34
1N13,B,A,train,112,53
1N13,C,A,train,48,11
1N13,D,A,train,112,7
1N13,E,A,train,50,8
1N13,F,A,train,112,14
1N13,G,A,train,41,0
1N13,H,A,train,112,0
1N13,I,A,train,49,0
1N13,J,A,train,112,0
1N13,K,A,train,43,0
1N13,L,A,train,112,0
1N7S,A,B,train,63,36
1N7S,B,A,train,68,32
1N7S,C,A,train,79,9
1N7S,D,A,train,66,32
1HBN,A,B,test,543,27
1HBN,B,A,test,442,38
1HBN,C,A,test,247,57
1HBN,D,A,test,543,123
1HBN,E,A,test,442,55
1HBN,F,A,test,247,21
1NCA,N,L,test,389,14
1NCA,L,N,test,214,11
1NCA,H,N,test,221,14
1NCW,L,H,train,219,64
1NCW,H,L,train,222,57
1NH0,A,B,test,99,42
1NH0,B,A,test,99,41
1NLU,A,B,train,368,20
1OAI,A,B,val,59,15
1OBX,A,B,test,74,13
1O7N,A,B,train,448,56
1O7N,B,A,train,193,43
1MRO,A,B,test,543,28
1MRO,B,A,test,442,42
1MRO,C,A,test,247,55
1MRO,D,A,test,543,130
1MRO,E,A,test,442,60
1MRO,F,A,test,247,27
1OEX,A,B,train,328,36
1P2J,A,I,test,220,25
1P2J,I,A,test,56,17
1P7V,A,B,val,279,29
1PFB,A,B,train,55,20
1OGA,A,B,train,276,45
1OGA,B,A,train,100,32
1OGA,D,A,train,200,8
1OGA,E,A,train,241,10
1N61,A,B,train,161,57
1N61,C,A,train,287,34
1N61,D,A,train,158,0
1N61,E,A,train,795,1
1N61,F,A,train,286,0
1N60,A,B,train,161,56
1N60,C,A,train,286,36
1N60,D,A,train,158,0
1N60,E,A,train,796,0
1N60,F,A,train,286,0
1P7W,A,B,val,279,32
1N62,A,B,train,161,59
1N62,C,A,train,286,37
1N62,D,A,train,159,0
1N62,E,A,train,796,1
1N62,F,A,train,286,0
1PPE,E,I,train,223,27
1PQ8,A,C,val,225,25
1QTN,A,B,train,152,63
1QTN,B,A,train,90,54
1QA9,A,B,train,102,16
1QA9,B,A,train,95,17
1QA9,C,A,train,102,1
1QA9,D,A,train,95,0
1R0R,E,I,train,274,27
1R0R,I,E,train,51,19
1RJC,A,B,train,123,26
1RJC,B,A,train,129,23
1N63,A,B,train,160,57
1N63,C,A,train,287,36
1N63,D,A,train,158,0
1N63,E,A,train,795,0
1N63,F,A,train,286,0
1R8S,A,E,val,160,33
1R8S,E,A,val,187,39
1SGP,E,I,train,185,25
1SGP,I,E,train,51,14
1SKG,A,B,test,121,14
1RDQ,E,I,train,340,36
1Q7L,A,B,train,192,85
1Q7L,B,A,train,88,70
1Q7L,C,A,train,192,16
1Q7L,D,A,train,85,12
1SQZ,A,B,train,121,7
1SSH,A,B,train,60,13
1SQ2,L,N,train,129,25
1SQ2,N,L,train,112,20
1QOP,A,B,val,265,45
1QOP,B,A,val,390,39
1RUK,L,H,train,219,67
1RUK,H,L,train,222,58
1TG1,A,C,train,121,18
1TJ9,A,B,train,121,19
1TJK,A,I,train,121,14
1TK4,A,B,train,121,17
1RUP,L,H,train,219,63
1RUP,H,L,train,222,58
1SVF,A,B,train,64,24
1SVF,B,A,train,38,24
1SVF,C,A,train,62,0
1SVF,D,A,train,35,0
1T7R,A,B,test,250,17
1TM5,E,I,train,281,26
1TM5,I,E,train,64,17
1TO2,E,I,test,281,29
1TO2,I,E,test,64,19
1UBL,S,L,train,267,93
1UBL,L,S,train,534,95
1UBH,S,L,train,267,93
1UBH,L,S,train,534,100
1UBJ,S,L,train,267,93
1UBJ,L,S,train,534,96
1UBM,S,L,test,267,94
1UBM,L,S,test,534,95
1UBK,S,L,test,267,92
1UBK,L,S,test,534,95
1UBO,S,L,train,267,94
1UBO,L,S,train,534,99
1VWG,B,P,train,121,20
1UDI,E,I,train,227,27
1UDI,I,E,train,83,26
1UBR,S,L,train,267,93
1UBR,L,S,train,534,95
1W70,A,B,test,60,11
1W70,B,A,test,60,13
1VWL,B,D,train,123,56
1VWL,D,B,train,121,58
1VWJ,B,D,test,123,58
1VWJ,D,B,test,121,57
1VWK,B,D,train,123,56
1VWK,D,B,train,121,58
1WKR,A,I,train,340,28
1WEJ,L,H,train,214,61
1WEJ,H,L,train,223,59
1WEJ,F,L,train,104,11
1UBT,S,L,train,267,95
1UBT,L,S,train,534,95
1UBU,S,L,train,267,94
1UBU,L,S,train,534,95
1WXC,A,B,train,273,37
1WXC,B,A,train,72,21
1WUH,S,L,test,267,93
1WUH,L,S,test,532,98
1WUI,S,L,test,267,93
1WUI,L,S,test,532,94
1WDD,A,S,test,464,52
1WDD,S,A,test,121,44
1WDD,E,A,test,463,122
1WDD,W,A,test,121,0
1X7Q,A,B,train,275,42
1X7Q,B,A,train,99,30
1WUJ,S,L,train,267,92
1WUJ,L,S,train,533,97
1XD3,A,B,test,229,46
1XD3,B,A,test,75,25
1XD3,C,A,test,227,4
1XD3,D,A,test,75,6
1XVM,A,B,train,224,22
1WUK,S,L,train,267,92
1WUK,L,S,train,533,96
1Y43,A,B,train,32,32
1Y43,B,A,train,171,80
1YC5,A,B,train,234,21
1YMT,A,B,train,235,14
1XF6,A,B,train,75,23
1XF6,B,A,train,67,28
1XF6,C,A,train,172,57
1XF6,D,A,train,176,27
1ZGX,A,B,train,63,35
1ZGX,B,A,train,33,26
1XMZ,A,C,train,59,57
1XMZ,C,A,train,165,53
1XMZ,B,A,train,66,0
1XMZ,D,A,train,165,4
1Z0J,A,B,train,169,21
1Z0J,B,A,train,51,16
1XG0,A,B,val,75,23
1XG0,B,A,val,67,24
1XG0,C,A,val,173,57
1XG0,D,A,val,176,27
1W6S,A,B,train,596,63
1W6S,B,A,train,73,41
1W6S,C,A,train,597,61
1W6S,D,A,train,73,0
1YPH,C,A,train,131,14
1YPH,E,A,train,97,5
1YPH,D,A,train,131,0
1YPH,F,A,train,97,0
2A53,A,B,train,64,43
2A53,B,A,train,167,57
2A53,C,A,train,59,0
2A53,D,A,train,167,5
2A54,A,B,train,64,42
2A54,B,A,train,167,56
2A54,C,A,train,59,0
2A54,D,A,train,167,5
2A50,A,B,val,64,42
2A50,B,A,val,167,56
2A50,C,A,val,59,0
2A50,D,A,val,167,5
2AGE,X,A,train,223,21
2A83,A,B,val,276,46
2A83,B,A,val,100,31
2AGG,X,A,train,223,20
2AGI,X,A,val,223,20
24XP,A,C,val,311,32
24XP,B,A,val,304,21
1M1N,A,B,train,477,126
1M1N,B,A,train,522,112
1M1N,C,A,train,477,0
1M1N,D,A,train,522,35
1M1N,E,A,train,477,0
1M1N,F,A,train,522,0
1M1N,G,A,train,477,0
1M1N,H,A,train,522,0
1ZKK,A,B,test,160,13
1ZKK,B,A,test,161,13
1ZKK,C,A,test,160,13
1ZKK,D,A,test,161,0
2AOF,A,B,train,99,40
2AOF,B,A,train,99,40
2AOH,A,B,val,99,43
2AOH,B,A,val,99,40
2AXI,A,B,val,92,18
2AOI,A,B,val,99,40
2AOI,B,A,val,99,40
2AGW,D,H,val,108,0
2AGW,H,D,val,118,0
2AGW,A,D,val,360,35
2AGW,B,D,val,361,50
2BFD,A,B,train,374,47
2BFD,B,A,train,332,54
2AGL,D,H,test,108,0
2AGL,H,D,test,118,0
2AGL,A,D,test,360,35
2AGL,B,D,test,360,48
2BN1,B,A,train,30,20
2BN3,B,A,train,30,20
2AH0,D,H,test,108,0
2AH0,H,D,test,108,0
2AH0,A,D,test,360,35
2AH0,B,D,test,361,50
2BFF,A,B,train,392,49
2BFF,B,A,train,332,53
2BMO,A,B,test,437,53
2BMO,B,A,test,194,40
2AGY,D,H,val,108,0
2AGY,H,D,val,104,0
2AGY,A,D,val,360,35
2AGY,B,D,val,361,51
2BVS,H,I,val,252,17
2BVR,H,I,train,251,16
2BNU,A,B,train,203,55
2BNU,B,A,train,241,63
2CIA,A,L,train,98,21
2C3V,A,B,train,92,12
2C3V,B,A,train,94,15
2AH1,D,H,train,109,0
2AH1,H,D,train,109,0
2AH1,A,D,train,359,31
2AH1,B,D,train,360,44
2BVP,A,B,train,274,46
2BVP,B,A,train,99,33
2BTF,A,P,train,373,26
2BTF,P,A,train,139,23
2DF6,A,B,train,59,2
2DF6,B,A,train,59,4
2D5X,A,B,test,141,24
2D5X,B,A,test,146,22
2CF8,H,I,train,250,15
2CZ1,A,B,val,194,88
2CZ1,B,A,val,211,97
2CN0,H,I,val,250,14
2DRK,A,B,val,59,13
2DKO,A,B,test,146,55
2DKO,B,A,test,103,54
2DN3,A,B,train,141,24
2DN3,B,A,train,146,28
2DN1,A,B,train,140,25
2DN1,B,A,train,145,26
2F3Y,A,B,train,146,44
2DRM,A,B,train,58,8
2DRM,B,A,train,58,5
2DRM,C,A,train,58,12
2DRM,D,A,train,58,0
2D5Z,A,B,train,141,21
2D5Z,B,A,train,145,26
2D5Z,C,A,train,141,12
2D5Z,D,A,train,145,19
2FHZ,A,B,train,106,35
2FHZ,B,A,train,93,33
2FCW,A,B,val,106,19
2FCW,B,A,val,78,21
2FNT,A,B,test,99,34
2FNT,B,A,test,99,36
2F69,A,B,train,244,29
2G58,A,B,test,121,16
2F91,A,B,train,237,42
2F91,B,A,train,33,22
2G3D,A,B,train,65,51
2G3D,B,A,train,165,70
2G2S,A,B,test,64,52
2G2S,B,A,test,164,66
2GCO,A,B,val,187,14
2GCO,B,A,val,182,15
2DN2,A,B,train,141,22
2DN2,B,A,train,146,23
2DN2,C,A,train,141,6
2DN2,D,A,train,146,17
2H6M,A,I,train,212,23
2G5L,A,B,train,121,46
2G5L,B,A,train,105,51
2GRR,A,B,train,157,20
2GRR,B,A,train,157,14
2HO2,A,B,train,33,8
2H5D,A,B,train,198,29
2HAL,A,I,test,212,22
2H9H,A,I,val,212,23
2HRK,A,B,val,177,19
2HRK,B,A,val,121,20
2H8F,A,B,train,142,23
2H8F,B,A,train,146,21
2H8F,C,A,train,142,9
2H8F,D,A,train,146,16
2IFQ,A,B,test,104,12
2IFQ,B,A,test,105,15
2IFQ,C,A,test,104,0
2I25,N,L,test,114,18
2I25,L,N,test,129,25
2I25,O,N,test,117,15
2I25,M,N,test,129,9
2ITK,A,B,train,145,15
2IZX,A,B,train,39,24
2IZX,B,A,train,41,24
2HKR,D,H,test,109,0
2HKR,H,D,test,121,0
2HKR,A,D,test,360,31
2HKR,B,D,test,360,47
2J30,A,B,val,245,22
2HXC,D,H,train,109,0
2HXC,H,D,train,109,0
2HXC,A,D,train,359,31
2HXC,B,D,train,360,46
2I0T,D,H,train,120,0
2I0T,H,D,train,121,0
2I0T,A,D,train,359,31
2I0T,B,D,train,361,45
2D5W,A,B,train,602,25
2D5W,B,A,train,602,24
2I0R,D,H,train,123,0
2I0R,H,D,train,121,0
2I0R,A,D,train,360,33
2I0R,B,D,train,360,46
2J32,A,B,test,240,22
2I0S,D,H,train,123,0
2I0S,H,D,train,121,0
2I0S,A,D,train,360,35
2I0S,B,D,train,360,45
2JBA,A,B,train,125,15
2JBA,B,A,train,121,15
2OEI,A,B,train,37,8
2O5G,A,B,test,147,44
2J9J,A,B,train,94,41
2J9J,B,A,train,94,37
2JKH,A,L,test,234,27
2JKH,L,A,test,54,26
2NW2,A,B,train,197,61
2NW2,B,A,train,243,65
2JE4,A,B,train,96,38
2JE4,B,A,train,96,40
2OOB,A,B,test,44,9
2OOB,B,A,test,72,13
2OXW,A,X,train,158,11
2IUR,A,B,train,360,23
2IUR,B,A,train,361,22
2IUR,D,A,train,109,30
2IUR,H,A,train,121,36
2P45,A,B,train,124,17
2P45,B,A,train,116,19
2P49,A,B,train,119,19
2P49,B,A,train,123,20
2PIE,A,F,val,132,15
2OLB,A,B,test,517,26
2PUY,A,B,train,59,11
2PUY,B,A,train,60,17
2PV1,A,B,train,103,23
2QA9,E,I,train,185,22
2PTC,E,I,train,223,26
2PTC,I,E,train,58,18
2QFA,A,B,train,137,36
2QFA,B,A,train,62,31
2QFA,C,A,train,45,21
2OK6,D,H,train,109,0
2OK6,H,D,train,119,0
2OK6,A,D,train,359,31
2OK6,B,D,train,360,45
2PV2,A,B,train,103,11
2PV2,B,A,train,103,11
2PV2,C,A,train,103,5
2PV2,D,A,train,103,0
2QDY,A,B,train,195,88
2QDY,B,A,train,211,91
2OIZ,D,H,train,109,0
2OIZ,H,D,train,121,0
2OIZ,A,D,train,360,34
2OIZ,B,D,train,361,49
2RI7,A,P,train,168,19
2OK4,D,H,test,109,0
2OK4,H,D,test,121,0
2OK4,A,D,test,360,31
2OK4,B,D,test,361,46
2R80,A,B,train,141,23
2R80,B,A,train,146,26
2R80,C,A,train,141,6
2R80,D,A,train,146,14
2UUF,B,A,val,252,29
2UUJ,B,A,train,252,31
2OXG,Z,Y,train,108,31
2OXG,Y,Z,train,112,27
2OXG,A,Z,train,108,0
2OXG,B,Z,train,110,6
2OXG,C,Z,train,101,0
2OXG,D,Z,train,111,4
2OXG,E,Z,train,99,0
2OXG,F,Z,train,112,0
2SIC,E,I,train,275,31
2SIC,I,E,train,107,17
2RA3,A,B,train,224,14
2RA3,B,A,train,224,15
2RA3,I,A,train,58,0
2RA3,C,A,train,56,17
2UYZ,A,B,train,156,23
2UYZ,B,A,train,78,18
2UUK,B,A,train,252,31
2V89,A,B,val,78,9
2V89,B,A,val,74,12
2UUY,A,B,train,223,26
2UUY,B,A,train,52,15
2VIF,A,P,train,131,34
2VH3,A,B,val,110,24
2VH3,B,A,val,110,28
2V8F,A,B,train,138,9
2V8F,B,A,train,138,8
2V52,B,M,train,360,32
2V52,M,B,train,30,21
2WFJ,A,B,train,172,14
2WWZ,A,B,train,76,6
2WWZ,B,A,train,72,4
2WWZ,C,A,train,32,10
2WLV,A,B,train,144,21
2WLV,B,A,train,144,27
2X7K,A,B,test,164,19
2R9P,A,B,train,224,21
2R9P,B,A,train,224,20
2R9P,C,A,train,224,9
2R9P,D,A,train,224,8
2R9P,I,A,train,58,0
2R9P,E,A,train,58,17
2R9P,F,A,train,58,0
2R9P,G,A,train,58,0
2W72,A,B,train,141,23
2W72,B,A,train,146,25
2W72,C,A,train,141,10
2W72,D,A,train,146,17
2XN6,A,B,train,338,74
2XN6,B,A,train,34,34
2XN7,A,B,train,340,74
2XN7,B,A,train,34,34
2W73,A,B,val,145,13
2W73,B,A,val,145,15
2W73,E,A,val,145,0
2W73,F,A,val,146,3
2XT1,A,B,train,86,18
2XT1,B,A,train,114,26
2XRW,A,B,train,349,18
2WNV,A,B,train,132,28
2WNV,B,A,train,132,29
2WNV,C,A,train,129,28
2WNV,D,A,train,134,0
2WNV,E,A,train,130,0
2WNV,F,A,train,129,15
2XTT,A,B,train,35,21
2XTT,B,A,train,223,36
2XQQ,A,B,train,87,9
2XQQ,B,A,train,89,7
2XQQ,C,A,train,86,25
2XQQ,D,A,train,85,0
2XKN,A,B,train,213,51
2XKN,B,A,train,209,45
2XKN,C,A,train,213,12
2XKN,D,A,train,211,0
2XDW,A,P,train,710,16
2XZC,H,L,train,213,48
2XZC,L,H,train,215,48
2Y5F,A,L,train,234,32
2Y5F,L,A,train,54,24
2Y5G,A,L,val,234,32
2Y5G,L,A,val,54,25
2Y5H,A,L,train,234,30
2Y5H,L,A,train,54,26
2Z6W,A,B,train,164,13
2Z6W,B,A,train,164,15
2ZCF,A,B,train,196,86
2ZCF,B,A,train,212,95
2ZFD,A,B,train,183,43
2ZFD,B,A,train,116,35
2ZMZ,A,B,train,273,43
2ZMZ,B,A,train,79,26
2ZMX,A,B,train,277,47
2ZMX,B,A,train,77,24
2ZMY,A,B,train,277,43
2ZMY,B,A,train,78,24
2ZWD,A,B,train,273,44
2ZWD,B,A,train,73,23
2ZPG,A,B,test,194,85
2ZPG,B,A,test,211,96
2ZPB,A,B,train,195,87
2ZPB,B,A,train,211,95
2ZWF,A,B,train,276,43
2ZWF,B,A,train,71,20
2ZWG,A,B,train,276,43
2ZWG,B,A,train,71,20
2ZWE,A,B,train,276,45
2ZWE,B,A,train,77,24
3A9J,A,B,train,76,6
3A9J,B,A,train,77,5
3A9J,C,A,train,32,10
3ASL,A,B,train,68,19
3A8G,A,B,val,195,83
3A8G,B,A,val,212,92
3A9K,A,B,train,76,5
3A9K,B,A,train,77,5
2XTS,A,B,train,389,118
2XTS,B,A,train,204,92
2XTS,C,A,train,389,100
2XTS,D,A,train,204,23
3A8M,A,B,train,195,84
3A8M,B,A,train,212,93
3AWT,A,B,train,278,45
3AWT,B,A,train,78,25
3AWS,A,B,train,273,45
3AWS,B,A,train,78,23
3AWV,A,B,train,273,40
3AWV,B,A,train,78,24
3AWU,A,B,train,278,45
3AWU,B,A,train,78,25
3AWW,A,B,train,278,46
3AWW,B,A,train,77,24
3AWZ,A,B,train,278,44
3AWZ,B,A,train,78,25
3AWX,A,B,train,278,43
3AWX,B,A,train,72,23
3B7V,A,B,train,99,38
3B7V,B,A,train,99,38
3BFQ,G,F,val,132,40
3AX0,A,B,val,273,45
3AX0,B,A,val,78,24
3BOG,A,B,train,80,0
3BOG,B,A,train,80,0
3BOG,C,A,train,37,6
3BOG,D,A,train,37,3
3BOO,A,B,train,419,25
2J5G,A,B,train,249,34
2J5G,B,A,train,250,39
2J5G,C,A,train,249,35
2J5G,D,A,train,249,33
2J5G,E,A,train,249,18
2J5G,F,A,train,249,1
2J5G,G,A,train,249,0
2J5G,H,A,train,249,0
2J5G,I,A,train,249,0
2J5G,J,A,train,249,1
2J5G,K,A,train,248,0
2J5G,L,A,train,249,1
3BUW,B,A,train,305,16
3BUW,D,A,train,305,0
3BXQ,B,A,train,30,21
3BXQ,D,A,train,30,4
3BZZ,B,A,train,81,34
3BZY,B,A,test,83,37
3C00,B,A,test,83,32
3BOM,A,B,train,142,23
3BOM,B,A,train,147,25
3BOM,C,A,train,142,11
3BOM,D,A,train,147,18
3BDG,A,B,train,434,94
3BDG,B,A,train,433,94
3CJS,A,B,train,58,14
3CJS,B,A,train,72,22
3CJS,C,A,train,68,10
3BWA,A,B,train,276,45
3BWA,B,A,train,100,32
3BUX,B,A,train,305,23
3BUX,D,A,train,305,0
3CBP,A,B,train,239,19
3D3B,A,J,train,139,25
3D3B,J,A,train,87,29
3D32,A,B,train,118,9
3D32,B,A,train,116,7
3D1K,A,B,train,142,22
3D1K,B,A,train,146,23
3CZF,A,B,train,276,44
3CZF,B,A,train,100,32
3DS4,A,B,train,77,13
3DS4,B,A,train,75,14
3DNJ,A,B,test,80,17
3DNJ,B,A,test,81,18
3D25,A,B,train,274,37
3D25,B,A,train,98,32
3EXX,B,A,train,30,20
3EXX,D,A,train,30,2
3D9A,C,L,train,129,13
3D9A,L,C,train,213,15
3D9A,H,C,train,210,15
3FDO,A,B,train,90,19
3FE7,A,L,test,83,19
3EMH,A,B,train,300,23
3FEA,A,L,val,83,16
3F1P,A,B,train,114,27
3F1P,B,A,train,111,29
3FIL,A,B,test,55,15
3FIL,B,A,test,56,13
3FQ9,B,A,test,30,22
3FQ9,D,A,test,30,3
3FP8,E,I,val,223,28
3FP8,I,E,val,58,14
3G8F,A,B,train,121,15
3FP7,E,I,train,223,20
3FP7,J,E,train,43,9
3G1B,A,B,test,80,18
3G1B,B,A,test,81,17
3GP2,A,B,train,146,38
3DRF,A,B,train,539,33
3GKV,A,B,test,142,20
3GKV,B,A,test,146,22
3GOF,A,B,train,144,13
3GOF,B,A,train,144,16
3HDS,A,B,train,116,0
3HDS,B,A,train,115,0
3HDS,C,A,train,109,0
3HDS,D,A,train,109,44
3HPW,A,B,train,101,27
3HPW,B,A,train,101,28
3HPW,C,A,train,33,16
3HSV,A,B,train,133,13
3HSV,B,A,train,132,7
3HFL,L,H,train,212,43
3HFL,H,L,train,214,37
3HFL,Y,L,train,129,9
3HHT,A,B,train,200,99
3HHT,B,A,train,227,109
3F9X,A,B,train,160,12
3F9X,B,A,train,160,14
3F9X,C,A,train,160,11
3F9X,D,A,train,161,0
3IQJ,A,P,train,235,25
3IVV,A,D,train,140,14
3IQU,A,P,train,235,22
3JQL,A,B,val,119,16
3KUJ,A,B,train,77,19
3IQV,A,P,train,235,21
3KNB,A,B,train,98,25
3KNB,B,A,train,96,23
3KUS,A,B,test,82,11
3KUS,B,A,test,70,11
3KL6,A,B,train,232,25
3KL6,B,A,train,50,19
3KYJ,A,B,test,129,15
3KYJ,B,A,test,129,15
3AYX,A,B,train,595,101
3AYX,B,A,train,273,96
3AYX,C,A,train,595,14
3AYX,D,A,train,267,29
3L36,A,H,train,45,8
3L37,A,H,train,45,9
3LAE,A,X,train,78,7
3K4V,A,B,train,99,44
3K4V,B,A,train,99,39
3K4V,C,A,train,99,4
3K4V,D,A,train,99,0
3K05,A,B,train,193,18
3K05,B,A,train,200,9
3LNY,A,B,train,94,21
3L41,A,B,train,214,21
3AYZ,A,B,val,595,103
3AYZ,B,A,val,273,95
3AYZ,C,A,val,595,17
3AYZ,D,A,val,267,29
3L0F,A,B,train,162,13
3L0F,B,A,train,171,11
3LW1,A,P,train,234,25
3LN4,A,B,train,274,42
3LN4,B,A,train,99,36
3M7U,A,B,train,198,16
3M58,A,B,val,253,26
3MEA,A,B,train,162,12
3ME9,A,B,train,172,18
3ME9,B,A,train,174,23
3MEU,A,B,train,173,22
3MEU,B,A,train,174,30
3MHR,A,P,train,235,29
3MGN,A,B,train,45,23
3MGN,B,A,train,45,20
3MGN,C,A,train,45,22
3MGN,D,A,train,45,0
3MGN,E,A,train,45,0
3MGN,F,A,train,45,0
3MRB,A,B,train,275,42
3MRB,B,A,train,100,31
3MRE,A,B,train,274,43
3MRE,B,A,train,100,32
3MRG,A,B,val,274,44
3MRG,B,A,val,100,33
3MRK,A,B,val,274,40
3MRK,B,A,val,99,30
3NFK,A,B,train,92,11
3NFK,B,A,train,91,13
3N9G,H,L,train,229,52
3N9G,L,H,train,220,55
3NJN,A,B,train,114,27
3NJN,C,A,train,114,35
3O18,A,B,train,162,40
3O18,B,A,train,171,37
3NHE,A,B,train,337,69
3NHE,B,A,train,76,43
3O1F,A,B,val,80,12
3O1F,B,A,val,81,19
3OBQ,A,B,train,141,16
3O8Q,A,B,train,270,26
3O8Q,B,A,train,268,30
3OT1,A,B,train,194,35
3OT1,B,A,train,189,34
3P1N,A,P,train,234,19
3P17,H,L,train,251,27
3O2R,A,B,train,144,28
3O2R,B,A,train,143,28
3O2R,C,A,train,144,0
3O2R,D,A,train,143,3
3P34,A,B,test,230,20
3PLU,A,B,train,74,9
3PLU,B,A,train,74,6
3P95,A,E,train,224,35
3P95,E,A,train,58,16
3P73,A,B,train,275,50
3P73,B,A,train,99,34
3Q1I,A,E,train,216,19
3PTL,A,B,train,279,27
3QL9,A,C,train,125,30
3QGJ,A,B,train,198,22
3QGJ,C,A,train,198,3
3QX5,H,L,train,251,32
3M1V,A,B,train,543,28
3M1V,B,A,train,442,37
3M1V,C,A,train,246,54
3M1V,D,A,train,543,132
3M1V,E,A,train,442,58
3M1V,F,A,train,246,28
3M30,A,B,train,543,28
3M30,B,A,train,442,35
3M30,C,A,train,246,53
3M30,D,A,train,543,128
3M30,E,A,train,442,55
3M30,F,A,train,246,26
3M2U,A,B,train,543,26
3M2U,B,A,train,442,38
3M2U,C,A,train,246,52
3M2U,D,A,train,543,128
3M2U,E,A,train,442,56
3M2U,F,A,train,246,26
3RM1,A,B,train,89,15
3R0L,A,B,train,33,20
3R0L,B,A,train,32,14
3R0L,D,A,train,122,15
3M32,A,B,train,543,25
3M32,B,A,train,442,39
3M32,C,A,train,247,56
3M32,D,A,train,543,124
3M32,E,A,train,442,55
3M32,F,A,train,246,27
3RO3,A,B,train,159,30
3M2R,A,B,val,543,25
3M2R,B,A,val,442,39
3M2R,C,A,val,246,53
3M2R,D,A,val,543,125
3M2R,E,A,val,442,55
3M2R,F,A,val,246,26
3RM0,H,L,train,251,29
3ROF,A,B,train,158,22
3RUN,A,B,train,165,12
3RM2,H,L,train,251,34
3RMO,H,L,train,251,35
3S43,A,B,test,99,40
3S43,B,A,test,99,43
3SO6,A,Q,test,137,26
3SGB,E,I,test,185,25
3SGB,I,E,test,50,16
3SFJ,A,B,train,103,24
3SFJ,C,A,train,104,8
3S66,A,B,val,139,24
3S66,B,A,val,146,25
3SI4,H,L,train,251,33
3SOV,A,Z,train,306,16
3TT8,B,A,train,30,21
3TT8,D,A,train,30,2
3SV2,H,L,train,251,30
3T5F,H,L,val,251,32
3U23,A,B,train,56,20
3T65,B,A,val,222,54
3T65,A,B,val,219,63
3TOD,A,B,test,335,8
3SPV,A,B,train,276,42
3SPV,B,A,train,99,32
3UP3,A,P,test,242,16
3TVJ,A,B,train,83,17
3TVJ,B,A,train,242,23
3TVJ,I,A,train,35,0
3U98,H,L,train,251,30
3UF7,A,B,train,223,15
3U8O,L,H,test,30,25
3U8O,H,L,test,251,43
3TV3,L,H,test,205,51
3TV3,H,L,test,233,66
3VQG,A,B,val,85,15
3UVW,A,B,train,127,24
3UVK,A,B,train,299,27
3W19,C,D,train,38,10
3VZ9,B,D,train,103,45
3VZ9,D,B,train,60,36
3W7Y,B,A,train,30,20
3W7Y,D,A,train,30,2
3V5A,A,B,train,335,10
3W7Z,B,A,val,30,21
3W7Z,D,A,val,30,1
3VDF,A,B,train,335,7
3WA4,A,B,test,96,14
3VXE,H,L,test,257,29
3WDC,A,B,train,147,17
3WDD,A,B,train,147,16
3WDE,A,B,train,147,17
3W80,B,A,train,30,20
3W80,D,A,train,30,3
3W80,F,A,train,30,0
3W80,H,A,train,30,0
3WNF,A,B,train,133,34
3WNF,B,A,train,134,34
3WGX,A,B,train,109,10
3WGX,B,A,train,112,9
3WVD,A,B,train,194,86
3WVD,B,A,train,212,95
3X20,A,B,val,195,87
3X20,B,A,val,212,93
3X24,A,B,test,195,88
3X24,B,A,test,212,95
3X25,A,B,val,195,87
3X25,B,A,val,212,94
3X26,A,B,train,195,84
3X26,B,A,train,212,93
3ZZY,A,B,train,106,12
3ZZY,B,A,train,104,14
4ABJ,A,B,train,223,25
4A7G,A,F,train,153,21
4A7G,F,A,train,153,22
3ZOQ,A,B,train,223,19
3ZOQ,B,A,train,48,25
3ZOQ,C,A,train,53,6
4AG1,A,C,train,221,34
4AG1,C,A,train,63,22
3WQB,A,B,test,597,42
3WQB,B,A,test,99,34
4B3B,A,C,test,224,18
4B1Y,B,M,train,364,27
4B1Y,M,B,train,30,23
3ZE9,A,B,train,278,85
3ZE9,B,A,train,479,104
4B2C,A,B,train,223,40
4B2C,B,A,train,71,24
4B2C,C,A,train,223,0
4B2C,D,A,train,71,0
4B2B,A,B,train,223,33
4B2B,B,A,train,71,26
4B2B,C,A,train,223,0
4B2B,D,A,train,71,0
4BX5,A,B,val,120,42
4BX5,B,A,val,121,53
4BX5,C,A,val,119,12
4BX5,D,A,val,120,8
4CFR,A,B,test,94,38
4CFR,B,A,test,100,41
4CFR,Q,A,test,43,21
4CFQ,A,B,train,85,29
4CFQ,B,A,train,84,34
4CFQ,C,A,train,85,5
4CFQ,D,A,train,84,5
4CBU,A,G,train,357,30
4CBU,G,A,train,125,38
4CKQ,A,C,test,390,12
4CY3,A,D,train,303,23
4D8I,A,B,train,254,20
4DAT,A,B,val,221,21
4CPA,A,I,train,308,19
4CPA,I,A,train,36,12
4CPA,B,A,train,308,12
4CPA,J,A,train,36,3
3POT,A,B,train,543,25
3POT,B,A,train,442,38
3POT,C,A,train,246,55
3POT,D,A,train,543,128
3POT,E,A,train,442,56
3POT,F,A,train,246,26
4DJC,A,B,train,151,23
4DFX,E,I,val,347,36
4DRI,A,B,test,121,14
4DRI,B,A,test,96,18
4CJ0,A,B,train,534,29
4CJ0,B,A,train,60,17
4E7T,B,A,train,30,22
4E7T,D,A,train,30,4
4E7U,B,A,train,30,20
4E34,A,B,val,87,17
4E34,B,A,val,87,13
4E35,A,B,val,87,14
4E35,B,A,val,87,15
3U7Q,A,B,train,477,126
3U7Q,B,A,train,522,112
3U7Q,C,A,train,477,0
3U7Q,D,A,train,522,36
4F14,A,B,train,56,16
4DXU,A,B,train,335,8
4EJD,A,B,train,99,41
4EJD,B,A,train,99,37
4ERY,A,D,val,304,26
4FKA,B,A,train,30,21
4FKA,D,A,train,30,2
4FL8,A,B,test,99,40
4FL8,B,A,test,99,39
4FLG,B,A,train,101,44
4FLG,A,B,train,99,39
4G7X,A,B,val,92,23
4G7X,B,A,val,102,24
4FM6,B,A,train,99,40
4FM6,A,B,train,99,39
4ESA,A,B,train,142,18
4ESA,B,A,train,144,22
4ESA,C,A,train,142,9
4ESA,D,A,train,145,14
4EE6,A,B,train,280,18
4EE6,B,A,train,282,20
4EIS,A,B,train,223,11
4EIS,B,A,train,224,17
4HGC,A,I,train,223,28
4G9S,A,B,train,187,37
4G9S,B,A,train,111,37
4HI8,A,B,train,170,28
4HI8,B,A,train,72,26
4HI9,A,B,test,168,25
4HI9,B,A,test,72,25
4HPK,A,B,train,110,23
4HPK,B,A,train,113,19
4HM8,A,B,train,446,53
4HM8,B,A,train,192,45
4DG4,A,E,train,224,27
4DG4,E,A,train,58,15
4DG4,B,A,train,224,6
4DG4,C,A,train,58,16
4DG4,D,A,train,224,11
4DG4,F,A,train,58,0
4DG4,G,A,train,224,14
4DG4,H,A,train,58,0
4HVU,A,B,train,57,15
4HVV,A,B,train,56,16
4HVW,A,B,train,61,16
4GXV,H,L,train,227,52
4GXV,L,H,train,213,51
4GXV,I,H,train,227,8
4GXV,M,H,train,213,0
4HPJ,A,B,train,268,46
4HPJ,B,A,train,395,40
4IHN,B,A,train,30,19
4HY7,A,B,train,170,18
4I2L,C,D,train,41,15
4I2L,D,C,train,36,11
4HT3,A,B,train,268,44
4HT3,B,A,train,393,39
4IUM,A,B,train,127,29
4IUM,B,A,train,75,16
4J44,A,B,train,83,13
4J44,C,A,train,76,15
4J46,A,B,test,83,13
4J46,C,A,test,76,15
4J9C,A,B,train,58,17
4HDR,A,B,val,335,44
4HDR,B,A,val,329,43
4HDR,C,A,val,331,0
4HDR,D,A,val,328,4
4J47,A,B,train,83,13
4J47,C,A,train,76,15
4J73,A,B,train,295,15
4J9E,A,B,train,56,17
4J9E,C,A,train,56,1
4J9E,E,A,train,57,12
4JMG,A,B,train,197,28
4JJ7,A,B,val,241,20
4J9F,A,B,val,62,16
4J9F,C,A,val,57,2
4J9F,E,A,val,60,11
4JOE,A,B,train,87,15
4JOE,B,A,train,87,13
4JOF,A,B,train,87,19
4JOF,B,A,train,87,14
4JOJ,A,B,train,87,12
4JOJ,B,A,train,87,17
4JOK,A,B,val,87,13
4JOK,B,A,val,87,15
4K7L,B,A,train,102,21
4K12,A,B,train,64,20
4K12,B,A,train,82,14
4K1E,A,B,train,223,29
4JOR,A,B,train,87,11
4JOR,B,A,train,87,14
4IUC,L,S,test,601,103
4IUC,S,L,test,265,96
4IUD,L,S,train,594,103
4IUD,S,L,train,265,95
4K8Y,A,B,val,223,29
4KEL,A,B,train,223,30
4KT3,A,B,train,138,42
4KT3,B,A,train,127,36
4L7X,A,U,test,58,22
4KTS,A,B,train,223,28
4KTU,A,B,train,223,30
4HRR,A,B,train,149,28
4HRR,B,A,train,151,25
4HRR,C,A,train,149,0
4HRR,D,A,train,151,20
4HRR,E,A,train,149,0
4HRR,F,A,train,151,0
4HRR,G,A,train,149,0
4HRR,H,A,train,150,0
4HRT,A,B,train,149,29
4HRT,B,A,train,147,25
4HRT,C,A,train,149,0
4HRT,D,A,train,151,17
4HRT,E,A,train,149,0
4HRT,F,A,train,151,0
4HRT,G,A,train,149,0
4HRT,H,A,train,148,2
4LLD,A,B,val,99,28
4LLD,B,A,val,101,32
4KU0,A,B,train,92,87
4KU0,B,A,train,92,90
4KU0,C,A,train,92,87
4KU0,D,A,train,96,9
4LN2,A,B,train,66,16
4LLQ,A,B,val,99,30
4LLQ,B,A,val,101,25
4LNP,A,B,train,61,16
4LEB,A,B,train,299,22
4L2I,A,B,val,338,95
4L2I,B,A,val,263,89
4M5S,A,B,train,87,22
4M4L,B,A,train,30,22
4M4L,D,A,train,30,4
4M91,A,B,train,153,12
4LP9,A,I,test,330,35
4M0W,A,B,train,317,35
4M0W,B,A,train,76,24
4NB3,A,B,train,123,13
4NB3,B,A,train,122,22
4NMO,A,B,train,87,16
4NMO,B,A,train,87,12
4N6P,A,B,train,335,9
4LMS,A,B,train,80,61
4LMS,B,A,train,161,62
4LMS,C,A,train,68,27
4LMS,D,A,train,162,24
4NMP,A,B,train,87,14
4NMP,B,A,train,87,13
4NMQ,A,B,train,87,14
4NMQ,B,A,train,86,13
4NMT,A,B,train,87,14
4NMT,B,A,train,87,11
4O37,B,A,test,102,22
4NMV,A,B,train,87,17
4NMV,B,A,train,87,12
4NDO,B,A,train,268,57
4NDO,A,B,train,245,64
4L9P,A,B,val,335,99
4L9P,B,A,val,452,106
4O36,B,A,train,101,21
4ODK,A,B,val,153,16
4O6W,A,C,train,217,23
4OHA,A,B,train,242,14
4ONL,A,B,train,140,16
4ONL,B,A,train,149,17
4ONM,A,B,val,140,19
4ONM,B,A,val,149,18
4OEL,A,B,train,283,85
4OEL,B,A,train,69,58
4NZU,L,H,train,211,57
4NZU,H,L,train,223,56
4PK2,A,B,train,188,36
4OB0,A,B,train,202,97
4OB0,B,A,train,228,109
4PK3,A,B,train,188,37
4Q6S,A,B,train,87,11
4Q6S,B,A,train,87,14
4PZ3,A,B,train,150,24
4PZ3,B,A,train,151,28
4QLI,A,B,test,236,18
4QRS,A,B,train,276,42
4QRS,B,A,train,100,34
4QY8,A,B,train,114,23
4QY8,B,A,train,111,21
4KN9,S,L,train,279,86
4KN9,L,S,train,488,86
4KN9,T,S,train,279,0
4KN9,M,S,train,488,17
4QRT,A,B,train,276,43
4QRT,B,A,train,100,34
4QLP,A,B,train,175,63
4QLP,B,A,train,199,57
4PJ2,A,B,train,121,29
4PJ2,B,A,train,123,28
4PJ2,C,A,train,122,8
4PJ2,D,A,train,122,28
4QYO,A,B,test,114,23
4QYO,B,A,test,111,20
4RTV,A,B,test,57,16
4RTY,A,B,train,58,16
4RTZ,A,B,test,61,13
4Q4W,1,2,val,281,53
4Q4W,2,1,val,264,71
4Q4W,3,1,val,234,104
4Q4W,4,1,val,57,26
4RMH,A,B,train,292,8
4RTW,A,B,test,57,14
4RTW,C,A,test,57,17
4RMI,A,B,train,278,15
4RRV,A,B,test,283,21
4R6R,A,B,train,133,16
4R6R,C,A,train,133,11
4R6R,E,A,train,133,8
4R6R,G,A,train,133,1
4U1P,A,B,train,105,21
4TXR,A,B,train,159,23
4TXR,C,B,train,40,0
4TRP,H,L,train,203,47
4TRP,L,H,train,219,49
4TUL,H,L,train,206,45
4TUL,L,H,train,218,45
4U1M,A,B,val,277,47
4U1M,B,A,val,100,32
4U1J,A,B,test,278,44
4U1J,B,A,test,100,32
4U2W,A,B,train,223,26
4UD9,H,I,train,255,16
4UDT,A,B,train,202,54
4UDT,B,A,train,241,66
4UE7,H,I,val,251,16
4UDW,H,I,test,251,17
4UP0,A,F,train,85,18
4UE8,A,B,train,162,43
4UE8,B,A,train,37,31
4UE1,A,B,train,100,25
4UE1,B,A,train,100,30
4UE1,C,A,train,96,12
4UE1,D,A,train,96,6
4UEH,H,I,train,252,16
4UFD,H,I,test,251,8
4UU5,A,B,train,90,17
4W8H,A,D,train,127,8
4U9I,S,L,train,265,98
4U9I,L,S,train,533,108
4U9H,S,L,test,265,100
4U9H,L,S,test,533,110
4WJO,A,B,train,77,16
4WJQ,A,B,train,78,17
4WJQ,C,A,train,76,10
4WIH,A,B,train,350,35
4WX4,A,C,test,201,29
4WW1,A,B,train,197,57
4WW1,B,A,train,241,60
4WZX,A,E,train,87,19
4WY4,A,B,val,64,35
4WY4,B,A,val,58,33
4WY4,C,A,val,78,7
4WY4,D,A,val,65,29
4X3K,A,B,train,64,7
4X3K,B,A,train,64,12
4X5W,A,B,train,181,66
4X5W,B,A,train,188,61
4X33,A,B,test,60,26
4X33,B,A,test,324,32
4TKU,A,B,train,477,122
4TKU,B,A,train,522,108
4TKU,C,A,train,477,0
4TKU,D,A,train,522,34
4X9R,A,B,train,220,25
4X9V,A,B,train,217,23
4XHV,A,B,train,94,20
4XMH,A,B,val,185,11
4WHS,A,F,train,200,6
4WHS,F,A,train,238,5
4WHS,E,A,train,200,5
4WHS,C,A,train,200,4
4WHS,D,A,train,236,1
4WHS,B,A,train,238,91
4XO9,A,B,test,279,46
4UQL,A,B,test,262,0
4UQL,B,A,test,264,0
4UQL,Q,A,test,543,91
4UQL,R,A,test,544,0
4XCF,L,H,val,214,46
4XCF,H,L,val,219,50
4UQP,A,B,train,262,0
4UQP,B,A,train,263,0
4UQP,Q,A,train,543,91
4UQP,R,A,train,544,0
4XOD,A,B,train,279,44
4XOJ,A,B,train,223,26
4XXC,A,C,train,276,41
4XXC,C,A,train,100,32
4Y0Z,E,I,train,223,31
4Y0Z,I,E,train,56,17
4Y10,E,I,train,223,32
4Y10,I,E,train,56,17
4Y0Y,E,I,test,223,38
4Y0Y,I,E,test,58,17
4Y11,E,I,train,223,29
4Y11,I,E,train,56,18
4YSI,A,B,train,138,17
4Y5I,A,B,train,227,8
4Y5I,B,A,train,228,4
4YY6,A,Z,val,102,17
4Y9W,A,B,train,328,31
4YEC,A,B,train,126,55
4YEC,B,A,train,228,63
4Z2O,A,P,train,127,22
4YTW,A,B,train,75,37
4YTW,B,A,train,168,40
4YTW,C,A,train,72,0
4YTW,D,A,train,169,0
4Z8J,A,B,train,96,23
4Z2V,A,P,val,127,21
4Z2V,B,A,val,126,44
4YZU,A,B,val,235,31
4YZU,B,A,val,57,22
4WES,A,B,train,519,81
4WES,B,A,train,458,82
4WES,C,A,train,518,0
4WES,D,A,train,458,30
4ZHB,A,B,test,102,11
4Z0K,A,B,train,234,30
4Z0K,B,A,train,55,20
4ZKN,U,P,train,245,30
4ZKO,U,P,train,247,20
4ZV0,A,B,train,135,42
4ZV0,B,A,train,93,38
4ZAR,A,B,test,279,28
4ZKR,U,P,train,246,16
4YLQ,L,H,train,133,26
4YLQ,H,L,train,249,29
4YLQ,T,L,train,210,50
5A0E,A,B,train,165,11
5A0E,B,A,train,164,15
5A2M,H,I,val,251,16
5A0R,A,B,train,192,19
5A0R,B,A,train,192,24
5AF9,H,I,train,250,17
5A7V,A,B,train,367,25
5A7V,B,A,train,359,31
5AFY,H,I,train,251,16
5AHG,H,I,train,251,16
5AUL,A,B,train,108,21
5B78,A,B,val,119,35
5BXO,A,B,val,160,24
5BXO,B,A,val,163,21
4URH,A,B,train,263,0
4URH,B,A,train,262,0
4URH,C,A,train,264,6
4URH,Q,A,train,544,105
4URH,R,A,train,544,0
4URH,S,A,train,544,0
5BXU,A,B,train,163,22
5AQB,A,B,val,408,24
5AQB,B,A,val,228,25
5C3F,A,B,train,151,26
5C0G,A,B,train,276,42
5C0G,B,A,train,100,30
5CEC,A,B,train,401,34
5CEC,B,A,train,193,37
5CQ2,A,B,val,76,11
5CFA,A,B,train,326,12
5CFA,B,A,train,328,12
5A4F,L,M,test,580,12
5A4F,M,L,test,580,15
5A4F,S,L,test,264,106
5A4F,T,L,test,264,29
5A4I,L,M,train,580,12
5A4I,M,L,train,580,15
5A4I,S,L,train,264,104
5A4I,T,L,train,264,29
5CTV,A,C,train,176,24
5D7F,A,B,train,91,35
5D7F,B,A,train,91,35
5CGQ,A,B,train,268,43
5CGQ,B,A,train,391,38
5ADU,L,M,val,580,13
5ADU,M,L,val,580,16
5ADU,S,L,val,263,104
5ADU,T,L,val,264,30
5DJT,A,B,train,144,29
5DJT,B,A,train,59,18
5E0L,A,C,val,87,22
5CVD,A,B,train,231,10
5CVD,B,A,train,226,9
5E7W,B,A,train,30,21
5E7W,D,A,train,30,5
5E50,A,B,train,111,20
5E50,B,A,train,110,22
5EMA,A,B,test,96,21
5E95,B,A,train,92,14
5E95,A,B,train,168,21
5ENA,B,A,test,30,19
5EMB,A,B,train,96,21
5ELQ,A,P,val,94,22
5ELQ,B,A,val,95,18
5E1D,A,B,val,227,14
5E1D,B,A,val,225,18
5EQ0,A,B,train,55,19
5D1C,A,B,train,364,29
5D1C,B,A,train,364,27
5EP6,A,C,train,36,4
5EP6,C,A,train,35,4
5EP6,B,A,train,46,21
5EP6,D,A,train,46,19
5DC8,A,B,train,363,32
5DC8,B,A,train,363,34
5EUI,A,B,train,134,22
5EUI,B,A,train,146,25
5FFV,A,B,val,111,21
5FFV,B,A,val,108,18
5FOS,A,C,train,225,24
5FOT,A,C,train,225,19
5FOX,A,C,train,222,17
5GH9,A,B,train,113,20
5GJI,A,B,test,107,25
5GJH,A,B,val,97,15
5GJH,C,A,val,96,12
5H5Q,A,B,train,164,18
5GOD,A,B,train,76,15
5GOD,B,A,train,76,16
5FPK,A,C,train,227,18
5H3J,A,B,val,197,47
5H5R,A,B,train,168,22
5I1S,A,B,train,34,9
5I1S,B,A,train,34,6
5A8K,A,B,train,543,25
5A8K,B,A,train,442,47
5A8K,C,A,train,248,64
5A8K,D,A,train,543,139
5A8K,E,A,train,442,56
5A8K,F,A,train,248,20
5I4H,A,B,train,106,39
5I4H,B,A,train,112,50
5I1P,A,B,train,33,7
5I1P,B,A,train,34,4
5I1P,C,A,train,33,0
5I1P,D,A,train,34,0
5I1N,A,B,train,34,7
5I1N,B,A,train,34,3
5I1N,C,A,train,34,0
5I1N,D,A,train,34,2
5IBP,A,B,train,240,23
5I1O,A,B,train,34,6
5I1O,B,A,train,34,7
5I1O,C,A,train,34,0
5I1O,D,A,train,34,0
5IB2,A,B,test,276,41
5IB2,B,A,test,99,32
5IMK,B,A,train,125,19
5IMK,A,B,train,118,25
5A0Y,A,B,train,543,25
5A0Y,B,A,train,442,46
5A0Y,C,A,train,248,60
5A0Y,D,A,train,542,146
5A0Y,E,A,train,442,59
5A0Y,F,A,train,248,30
5IMM,B,A,test,125,24
5IMM,A,B,test,120,30
5IVN,A,B,train,123,30
5INB,A,B,test,293,38
5INB,B,A,test,33,30
5IQN,A,B,test,132,40
5IQN,G,A,test,132,22
5IQO,A,B,train,132,44
5IQO,C,A,train,132,20
5JB8,E,S,train,51,19
5JB8,S,E,train,235,30
5JB9,E,S,val,51,21
5JB9,S,E,val,235,30
5JBA,E,S,train,51,23
5JBA,S,E,train,235,31
5JBT,A,X,val,224,21
5JBT,Y,A,val,38,14
5IZ3,A,B,test,316,53
5IZ3,B,A,test,315,56
5J1S,A,B,train,277,42
5J1S,B,A,train,235,39
5J1S,C,A,train,123,15
5J1T,A,B,val,277,45
5J1T,B,A,val,235,44
5J1T,C,A,val,121,14
5JFD,L,H,train,31,27
5JFD,H,L,train,252,39
5JDI,A,B,train,249,38
5JDI,B,A,train,247,38
5JDI,C,A,train,239,46
5JDI,D,A,train,248,14
5JSH,A,B,train,283,93
5JSH,B,A,train,481,100
5K4F,A,C,train,87,18
5K4F,B,A,train,87,12
5JSK,A,B,train,283,90
5JSK,B,A,train,481,101
5JSY,A,B,val,283,91
5JSY,B,A,val,482,100
5JSU,A,B,train,283,88
5JSU,B,A,train,481,98
5JT1,A,B,train,283,88
5JT1,B,A,train,483,99
5JZY,H,L,test,250,39
5KWN,A,U,train,306,25
5KYC,B,C,train,340,40
5KYC,C,B,train,76,30
5KXH,A,B,train,350,36
5KXH,B,A,train,38,23
5KYF,B,C,train,340,59
5KYF,C,B,train,76,39
5KVG,E,L,train,107,15
5KVG,L,E,train,214,19
5KVG,H,E,train,218,16
5KVF,E,L,test,105,21
5KVF,L,E,test,220,13
5KVF,H,E,test,220,12
5L20,A,B,test,116,54
5L20,B,A,test,223,67
5LCE,H,L,val,250,27
5L0S,A,B,test,356,26
5L0S,B,A,test,39,23
5L0T,A,B,train,356,25
5L0T,B,A,train,40,23
5LCP,A,B,train,350,36
5L0V,A,B,train,356,30
5L0V,B,A,train,40,23
5LXI,D,B,train,117,8
5LXI,B,D,train,116,6
5LCQ,A,B,test,350,36
5LS7,B,A,train,128,2
5LS7,D,A,train,100,48
5M2O,A,B,train,137,29
5M2O,B,A,train,74,21
5JRD,S,L,train,264,94
5JRD,L,S,train,580,105
5JRD,T,S,train,264,19
5JRD,M,S,train,580,22
5M6V,A,B,val,350,38
5M9O,A,B,val,216,16
5M13,A,B,train,366,25
5M13,B,A,train,126,22
5LZH,A,B,train,101,32
5LZH,B,A,train,101,30
5LZH,C,A,train,103,0
5LZH,D,A,train,101,0
5LZH,E,A,train,103,32
5M6Y,A,B,train,350,40
5G0R,A,B,train,543,25
5G0R,B,A,train,442,47
5G0R,C,A,train,248,60
5G0R,D,A,train,542,135
5G0R,E,A,train,442,58
5G0R,F,A,train,248,25
5MHC,A,P,val,235,29
5MJT,L,H,val,31,27
5MJT,H,L,val,250,41
5MA4,B,A,train,229,61
5MA4,A,B,train,294,55
5MFI,A,B,train,239,13
5MFI,B,A,train,240,20
5MM6,H,L,train,251,35
5MYC,A,P,train,236,34
5MXO,A,P,train,223,17
5MY9,A,P,train,236,18
5MVV,A,G,train,350,26
5MVV,G,A,train,125,30
5N1M,A,B,val,347,34
5N1N,A,B,test,348,33
5MDL,L,S,test,600,101
5MDL,S,L,test,269,97
5N1Y,A,B,train,277,37
5N1Y,B,A,train,100,32
5N33,A,B,train,347,36
5N0O,A,B,train,365,142
5N0O,B,A,train,360,141
5N5W,A,P,test,229,35
5N39,A,B,train,347,34
5N3A,A,B,train,349,31
5LMM,S,L,train,264,94
5LMM,L,S,train,580,108
5LMM,T,S,train,264,21
5LMM,M,S,train,580,21
5N7U,A,B,train,350,33
5LRY,S,L,test,263,94
5LRY,L,S,test,580,105
5LRY,T,S,test,263,21
5LRY,M,S,test,580,21
5N8A,A,X,train,121,15
5N7Q,A,B,test,337,15
5N7Q,B,A,test,337,18
5N8W,A,B,train,121,50
5N8W,B,A,train,121,51
5N8J,A,B,val,122,12
5N8J,B,A,val,120,12
5N8J,C,A,val,120,49
5N8J,D,A,val,120,7
5N8E,A,B,train,119,5
5N8E,B,A,train,122,5
5N8E,C,A,train,121,8
5N8E,D,A,train,120,45
5N8B,A,E,train,121,29
5N8B,B,A,train,120,8
5N8B,D,A,train,125,49
5N8B,G,A,train,121,5
5N9C,A,B,val,113,15
5N9C,B,A,val,110,16
5ND0,A,B,test,109,13
5ND0,B,A,test,109,12
5NGQ,A,B,test,114,8
5NGQ,B,A,test,114,7
5NGQ,C,A,test,114,37
5NGQ,D,A,test,114,13
5N4B,A,B,val,722,30
5N4B,B,A,val,722,29
5N7X,A,B,train,122,0
5N7X,B,A,train,121,0
5N7X,E,A,train,122,48
5N7X,F,A,train,122,0
5N7X,H,A,train,122,13
5N7X,K,A,train,122,9
5N7X,M,A,train,121,0
5N7X,O,A,train,122,4
5N89,A,B,test,121,7
5N89,B,A,test,122,6
5N89,D,A,test,122,47
5N89,F,A,test,122,11
5N89,H,A,test,122,0
5N89,K,A,test,119,2
5N89,M,A,test,122,0
5N89,O,A,test,120,0
5NI9,A,B,train,179,64
5NI9,B,A,train,193,55
5NIG,A,B,train,180,65
5NIG,B,A,train,197,53
5NHU,L,H,test,36,27
5NHU,H,L,test,252,43
5NHU,B,L,test,33,6
5NHU,A,L,test,251,7
5NHU,C,L,test,249,0
5NI3,A,B,train,224,13
5NI3,B,A,train,228,11
5NI3,C,A,train,228,13
5NI3,D,A,train,224,16
5NNE,A,C,test,125,20
5NNF,A,B,train,126,20
5NNG,A,B,train,127,11
5N6Y,A,E,train,473,47
5N6Y,E,A,train,464,39
5N6Y,C,A,train,112,42
5N6Y,D,A,train,473,0
5N6Y,B,A,train,464,89
5N6Y,F,A,train,111,0
5NPZ,A,B,train,277,43
5NPZ,B,A,train,99,33
5NQ0,A,B,test,275,42
5NQ0,B,A,test,99,28
5NRM,A,B,test,141,26
5NRM,B,A,test,66,18
5NRK,A,B,train,143,25
5NRK,B,A,train,68,16
5NRK,C,A,train,143,0
5NRK,D,A,train,67,13
5NT7,B,A,train,153,29
5NT7,A,B,train,92,25
5NT7,C,B,train,92,0
5NT7,D,B,train,153,0
5NWD,A,H,test,161,81
5NWD,H,A,test,47,42
5NWD,B,A,test,162,15
5NWD,I,A,test,47,3
5NWG,A,H,train,160,83
5NWG,H,A,train,47,43
5NWG,B,A,train,162,17
5NWG,I,A,train,47,3
5NUE,A,B,val,331,54
5NUE,B,A,val,329,49
5NUE,C,A,val,330,17
5O45,A,B,val,129,21
5OB0,A,B,train,57,16
5OAV,A,B,val,57,12
5OAV,C,A,val,57,0
5NJ9,A,B,train,480,79
5NJ9,B,A,train,443,78
5NJ9,C,A,train,480,0
5NJ9,D,A,train,442,0
5OB1,A,B,train,57,16
5NJA,A,B,test,480,81
5NJA,B,A,test,443,83
5NJA,C,A,test,480,0
5NJA,D,A,test,444,0
5NJC,A,B,val,479,72
5NJC,B,A,val,443,76
5NJC,C,A,val,480,0
5NJC,D,A,val,442,0
5OJ5,A,B,train,310,11
5OK6,A,B,train,219,29
5OK6,B,A,train,217,20
5ONP,A,B,train,316,19
5ONQ,A,B,val,316,18
5NJF,A,B,val,476,77
5NJF,B,A,val,444,78
5NJF,C,A,val,480,0
5NJF,D,A,val,445,0
5ONR,A,B,train,316,15
5OVV,A,B,train,99,20
5OOV,A,B,test,157,34
5OOV,B,A,test,129,30
5OXZ,A,B,val,90,47
5OXZ,B,A,val,33,32
5PAE,A,B,train,56,28
5PAE,B,A,train,247,27
5OUC,A,E,train,349,33
5PAV,A,C,train,58,31
5PAV,C,A,train,249,30
5PAG,A,B,train,57,29
5PAG,B,A,train,247,28
5PAO,A,C,train,56,29
5PAO,C,A,train,247,27
5PAX,A,C,test,58,29
5PAX,C,A,test,250,30
5OL4,A,B,train,99,6
5OL4,B,A,train,122,5
5OL4,C,A,train,569,20
5QU2,A,B,train,56,10
5QU2,B,A,train,56,14
5PB2,A,C,train,58,28
5PB2,C,A,train,250,28
5QY9,A,B,val,257,10
5QY9,B,A,val,300,8
5QY2,A,B,val,257,9
5QY2,B,A,val,300,8
5QYZ,A,B,train,237,9
5QYZ,B,A,train,300,8
5QZ6,A,B,train,237,9
5QZ6,B,A,train,300,8
5QZ9,A,B,test,237,9
5QZ9,B,A,test,300,8
5QZN,A,B,val,237,9
5QZN,B,A,val,300,8
5R42,B,A,train,131,14
5R42,C,A,train,96,5
5R43,B,A,train,131,18
5R43,C,A,train,97,7
5QZO,A,B,train,237,9
5QZO,B,A,train,300,8
5QZW,A,B,train,237,9
5QZW,B,A,train,300,8
5R0D,A,B,train,237,9
5R0D,B,A,train,300,8
5R04,A,B,train,237,9
5R04,B,A,train,300,8
5R46,B,A,val,131,14
5R46,C,A,val,95,5
5R44,B,A,train,131,14
5R44,C,A,train,96,4
5R45,B,A,test,131,18
5R45,C,A,test,97,5
5R47,B,A,train,131,19
5R47,C,A,train,97,7
5R48,B,A,train,131,14
5R48,C,A,train,95,4
5R4A,B,A,val,131,16
5R4A,C,A,val,95,4
5R4C,B,A,val,131,14
5R4C,C,A,val,95,4
5R4B,B,A,train,131,16
5R4B,C,A,train,97,6
5R49,B,A,train,131,19
5R49,C,A,train,97,7
5R4D,B,A,train,131,19
5R4D,C,A,train,97,6
5ST4,A,B,train,237,10
5ST4,B,A,train,300,8
5ST7,A,B,train,237,10
5ST7,B,A,train,300,9
5STF,A,B,test,237,11
5STF,B,A,test,300,8
5SVY,A,B,train,50,20
5STC,A,B,train,237,10
5STC,B,A,train,300,8
5SZC,A,H,train,115,37
5ST9,A,B,train,237,10
5ST9,B,A,train,300,9
5SZB,A,H,test,115,36
5STR,A,B,train,237,11
5STR,B,A,train,300,9
5TDA,A,B,train,71,20
5TDB,A,B,train,70,19
5TDR,A,B,val,70,20
5STZ,A,B,val,237,11
5STZ,B,A,val,300,9
5T5J,A,B,train,229,29
5T5J,B,A,train,229,28
5TEG,A,B,train,160,10
5TEG,B,A,train,158,18
5TZP,A,B,train,138,25
5TNT,A,B,train,235,30
5TNT,B,A,train,55,19
5UL6,A,M,train,58,15
5T5L,A,B,val,229,27
5T5L,B,A,val,229,28
5TY6,H,L,train,224,61
5TY6,L,H,train,212,59
5UUK,A,B,train,152,30
5UUL,A,B,train,152,31
5V1V,A,B,val,88,7
5V1V,B,A,val,85,12
5V3N,A,B,train,109,50
5V3N,B,A,train,33,24
5UD9,H,L,train,227,54
5UD9,L,H,train,205,53
5W89,A,B,train,141,32
5VI6,A,B,train,353,22
5VXR,H,L,train,207,58
5VXR,L,H,train,217,61
5WCA,H,L,train,226,61
5WCA,L,H,train,211,66
5WXF,U,P,train,246,35
5V1Y,A,B,train,114,8
5V1Y,B,A,train,113,9
5V1Y,C,A,train,72,12
5V1Y,D,A,train,73,1
5WMQ,A,B,train,276,42
5WMQ,B,A,train,99,33
5WXH,A,C,train,63,8
5WXH,C,A,train,60,8
5WL1,A,B,train,280,50
5WL1,B,A,train,98,38
5XCO,A,B,train,170,18
5XEC,C,A,train,80,33
5XEC,A,C,train,82,50
5XHZ,A,B,train,60,8
5XHZ,B,A,train,59,9
5X4G,A,B,val,215,53
5X4G,B,A,val,213,54
5XCT,A,B,train,167,67
5XCT,B,A,train,161,71
5XN3,A,B,train,199,13
5XCQ,A,B,test,166,66
5XCQ,B,A,test,160,62
5XLU,A,B,train,358,183
5XLU,B,A,train,182,133
5XVE,A,B,train,331,69
5XVE,B,A,train,76,40
5YL7,A,B,train,339,10
5YRE,A,B,val,142,20
5YRE,B,A,val,141,19
5YRH,A,B,train,142,19
5YRH,B,A,train,141,16
5Z0D,A,B,train,276,44
5Z0D,B,A,train,80,27
5Z0E,A,B,train,273,37
5Z0E,B,A,train,73,23
5Z0F,A,B,train,279,39
5Z0F,B,A,train,77,24
5Z0G,A,B,train,276,41
5Z0G,B,A,train,72,20
5Z0H,A,B,train,273,37
5Z0H,B,A,train,72,21
5Z0I,A,B,train,273,38
5Z0I,B,A,train,73,20
5YD3,A,B,test,231,20
5YD3,C,A,test,229,14
5YD3,E,A,test,230,0
5YD3,G,A,test,226,13
6AT0,A,P,train,52,18
5Z0J,A,B,train,276,41
5Z0J,B,A,train,76,23
5YD4,A,B,train,232,20
5YD4,C,A,train,229,12
5YD4,E,A,train,230,0
5YD4,G,A,train,226,15
5Z0K,A,B,train,276,39
5Z0K,B,A,train,73,22
6AX4,A,C,train,221,25
6AT6,B,A,test,240,68
6AT6,A,B,test,190,58
5Z0L,A,B,test,276,40
5Z0L,B,A,test,73,22
6BCD,A,B,val,205,39
6B9X,A,B,train,60,11
6B9X,B,A,train,126,19
6B9X,C,A,train,121,7
6B9X,D,A,train,90,31
6B9X,E,A,train,91,22
6BHE,A,B,train,216,28
6BCB,F,A,train,181,17
6BCB,A,F,train,145,18
6BHG,A,B,test,215,24
6BHI,A,B,train,216,26
6BHD,A,B,train,217,31
6BXG,A,B,train,97,14
6BRA,A,B,train,99,41
6BRA,B,A,train,99,40
6BSC,A,B,val,57,38
6BSC,B,A,val,48,38
6CN8,A,B,train,152,16
6BJZ,H,L,train,225,51
6BJZ,L,H,train,214,54
6D3Y,A,C,train,245,27
6BXP,A,B,test,275,41
6BXP,B,A,test,99,35
6D40,A,C,train,246,26
6DNO,A,B,train,294,28
6COJ,A,B,val,295,54
6COJ,B,A,val,248,45
6DN7,A,B,test,201,13
6DN7,C,A,test,189,16
5Y34,A,B,train,595,109
5Y34,B,A,train,273,100
5Y34,C,A,train,595,14
5Y34,D,A,train,267,30
6DDM,A,C,train,215,8
6DDM,C,A,train,88,12
6DDM,B,A,train,216,45
6DUB,A,B,test,222,17
6DUB,B,A,test,218,18
6EAT,A,I,val,223,33
6EAU,A,I,val,223,34
6EAV,A,I,train,223,25
6DZ4,A,B,train,255,39
6DZ4,B,A,train,395,39
6EAW,A,I,train,223,32
6EAX,A,I,train,223,28
6E3D,A,B,train,510,27
6E4D,A,F,train,510,27
6F0W,A,S,train,219,34
6EH4,D,E,train,204,63
6EH4,E,D,train,244,61
6EH5,A,B,train,202,56
6EH5,B,A,train,244,64
6ESA,A,E,train,337,35
6EM7,A,D,train,338,35
6F4P,A,B,train,236,17
6F4Q,A,B,train,235,13
6F4R,A,B,val,234,22
6F4T,A,B,train,234,21
6F4J,A,B,train,175,17
6F4J,B,A,train,174,13
6F4J,C,A,train,92,22
6F4J,D,A,train,92,0
6F5Z,A,B,test,226,25
6F5Z,B,A,test,228,27
6F5Z,C,A,test,59,24
6F5Z,D,A,test,55,0
6FBB,A,P,test,232,20
6FAV,A,B,train,229,27
6FAV,C,A,train,228,5
6FAU,A,B,train,229,30
6FAU,C,A,train,229,9
6FC0,A,B,test,192,55
6FC0,B,A,test,77,54
6FAW,A,B,train,228,28
6FAW,C,A,train,228,6
6FBW,A,B,train,227,26
6FBW,C,A,train,227,7
6FCP,A,P,train,232,25
6FJT,H,L,train,251,40
6FC1,A,B,test,181,66
6FC1,B,A,test,64,47
6FC1,C,A,test,181,4
6FC1,D,A,test,53,7
6FG8,A,B,train,188,27
6FG8,B,A,train,189,19
6FR4,A,B,train,202,63
6FR4,B,A,train,244,65
6FR3,A,B,train,202,59
6FR3,B,A,train,244,62
6FRJ,H,B,train,226,12
6FR5,A,B,train,202,59
6FR5,B,A,train,244,57
6FUB,B,A,val,93,30
6FUB,A,B,val,81,26
6FU9,A,B,train,79,25
6FU9,B,A,train,84,30
6FU9,C,A,train,79,6
6FU9,D,A,train,87,4
6FUD,A,B,train,77,25
6FUD,B,A,train,81,31
6G0O,A,B,val,125,19
6G0P,A,B,train,126,16
6G0Q,A,B,train,125,22
6G0R,A,C,train,127,18
6G10,A,B,train,71,13
6G10,B,A,train,76,13
6G10,C,A,train,83,3
6G6K,A,B,val,89,38
6G6K,B,A,val,76,33
6G6K,C,A,val,88,4
6G6K,D,A,val,76,4
6G6X,A,P,train,236,28
6G8L,A,P,train,236,32
6G8K,A,P,train,236,19
6FPO,S,L,train,264,93
6FPO,L,S,train,580,108
6FPO,T,S,train,264,20
6FPO,M,S,train,580,20
6GBW,H,L,train,250,39
6FEA,A,B,train,461,83
6FEA,B,A,train,464,88
6FEA,C,A,train,113,41
6FEA,D,A,train,461,0
6FEA,E,A,train,464,40
6FEA,F,A,train,111,0
6GFQ,A,B,train,338,12
6GFQ,B,A,train,338,13
6FPW,S,L,train,264,106
6FPW,L,S,train,581,114
6FPW,T,S,train,264,22
6FPW,M,S,train,581,21
6GAM,S,L,train,267,90
6GAM,L,S,train,551,103
6GAM,T,S,train,268,22
6GAM,M,S,train,551,17
6GY5,A,U,train,285,21
6GSC,A,B,val,205,21
6GSC,B,A,val,206,21
6HER,A,B,train,103,19
6HER,B,A,train,124,16
6GG7,B,C,test,338,30
6GG7,A,B,test,338,37
6HGM,A,B,train,330,81
6HGM,B,A,train,33,33
6HIP,A,B,test,104,13
6HIP,B,A,test,105,11
6HMT,A,B,test,236,18
6G7R,S,L,train,263,107
6G7R,L,S,train,581,114
6G7R,T,S,train,263,21
6G7R,M,S,train,581,19
6HMU,A,B,train,236,16
6HOI,A,B,train,118,14
6HOI,B,A,train,117,13
6H8J,A,B,train,99,6
6H8J,B,A,train,122,5
6H8J,C,A,train,569,21
6HOL,A,B,train,116,3
6HOL,B,A,train,116,3
6I42,A,B,train,164,21
6GAL,S,L,train,264,107
6GAL,L,S,train,581,115
6GAL,T,S,train,266,23
6GAL,M,S,train,581,21
5NB3,A,B,train,164,0
5NB3,B,A,train,164,0
5NB3,C,A,train,164,0
5NB3,D,A,train,164,33
5NB3,E,A,train,164,0
5NB3,F,A,train,164,15
5NB3,G,A,train,164,0
5NB3,H,A,train,164,0
5NB3,I,A,train,164,0
5NB3,J,A,train,164,0
5NB3,K,A,train,164,0
5NB3,L,A,train,164,0
5NB3,M,A,train,183,35
5NB3,N,A,train,183,0
5NB3,O,A,train,183,17
5NB3,P,A,train,183,18
5NB3,Q,A,train,183,0
5NB3,R,A,train,183,0
5NB3,S,A,train,183,0
5NB3,T,A,train,183,0
5NB3,U,A,train,183,0
5NB3,V,A,train,183,0
5NB3,W,A,train,183,0
5NB3,X,A,train,183,0
6I20,A,B,train,131,5
6I20,B,A,train,133,6
6I20,C,A,train,130,28
6I20,D,A,train,134,0
6HSJ,A,B,train,384,0
6HSJ,B,A,train,389,0
6I51,H,L,train,250,39
6GW3,A,B,train,382,68
6GW3,B,A,train,382,67
6GW3,C,A,train,381,4
6GW3,D,A,train,379,7
6I4D,A,G,train,351,31
6I4D,G,A,train,122,32
6I4H,A,G,train,352,32
6I4H,G,A,train,121,30
6I4E,A,G,train,351,31
6I4E,G,A,train,122,31
6J14,A,B,val,113,26
6J14,B,A,val,112,24
6J14,G,A,val,100,13
6J9O,H,L,val,130,27
6J9O,L,H,val,108,24
6J2U,A,B,train,72,23
6J2U,B,A,train,273,42
6IHX,A,B,test,140,21
6IHX,B,A,test,144,28
6IHX,C,A,test,140,4
6IHX,D,A,test,143,13
6IR2,A,B,train,214,25
6IR2,B,A,train,124,17
6J2A,A,B,train,274,40
6J2A,B,A,train,99,34
6JWM,A,B,test,203,13
5NB4,A,B,val,164,0
5NB4,B,A,val,164,0
5NB4,C,A,val,164,0
5NB4,D,A,val,164,33
5NB4,E,A,val,164,0
5NB4,F,A,val,164,17
5NB4,G,A,val,164,0
5NB4,H,A,val,164,0
5NB4,I,A,val,164,0
5NB4,J,A,val,164,0
5NB4,K,A,val,164,0
5NB4,L,A,val,164,0
5NB4,M,A,val,183,35
5NB4,N,A,val,183,0
5NB4,O,A,val,183,19
5NB4,P,A,val,183,19
5NB4,Q,A,val,183,0
5NB4,R,A,val,183,0
5NB4,S,A,val,183,0
5NB4,T,A,val,183,0
5NB4,U,A,val,183,0
5NB4,V,A,val,183,0
5NB4,W,A,val,183,0
5NB4,X,A,val,183,0
6JOZ,A,B,train,274,39
6JOZ,B,A,train,99,33
6II1,A,B,val,137,22
6II1,B,A,val,143,27
6II1,C,A,val,138,2
6II1,D,A,val,145,14
6KAO,A,B,train,141,23
6KAO,B,A,train,146,24
6KAP,A,B,train,141,22
6KAP,B,A,train,146,23
6KEY,A,B,val,200,13
6KMJ,A,C,train,112,26
6L8G,A,B,train,38,31
6L8G,B,A,train,87,40
6L5V,A,B,train,141,23
6L5V,B,A,train,146,24
6L0V,A,B,train,61,17
6L0V,C,A,train,61,0
6L0V,E,A,train,60,0
6L0V,G,A,train,60,8
6LJK,A,B,test,269,29
6KAH,A,B,train,141,24
6KAH,B,A,train,146,25
6KAH,C,A,train,141,8
6KAH,D,A,train,146,18
6KAH,E,A,train,141,0
6KAH,F,A,train,146,0
6KAH,G,A,train,141,0
6KAH,H,A,train,146,0
6KAI,A,B,train,141,24
6KAI,B,A,train,146,26
6KAI,C,A,train,141,9
6KAI,D,A,train,146,18
6KAI,E,A,train,141,0
6KAI,F,A,train,146,0
6KAI,G,A,train,141,0
6KAI,H,A,train,146,0
6LYC,A,B,train,110,31
6KA9,A,B,val,141,23
6KA9,B,A,val,146,23
6KA9,C,A,val,141,9
6KA9,D,A,val,146,18
6KA9,E,A,val,141,0
6KA9,F,A,val,146,0
6KA9,G,A,val,141,0
6KA9,H,A,val,146,0
6KAE,A,B,train,141,22
6KAE,B,A,train,146,25
6KAE,C,A,train,141,7
6KAE,D,A,train,146,19
6KAE,E,A,train,141,0
6KAE,F,A,train,146,0
6KAE,G,A,train,141,0
6KAE,H,A,train,146,0
6KC4,A,B,train,101,17
6KC4,C,A,train,100,14
6KC4,E,A,train,101,12
6KC4,G,A,train,101,0
6KC4,I,A,train,100,10
6KC4,K,A,train,101,0
6M8W,A,B,test,369,25
6M8Y,A,B,train,369,23
6M9F,A,B,val,368,26
6LCW,A,B,train,141,24
6LCW,B,A,train,146,24
6LCW,C,A,train,141,7
6LCW,D,A,train,146,18
6LCW,E,A,train,141,0
6LCW,F,A,train,146,0
6LCW,G,A,train,141,0
6LCW,H,A,train,146,0
6M9Y,A,B,train,57,47
6M9Y,B,A,train,163,59
6M9Y,C,A,train,57,0
6M9Y,D,A,train,163,6
6LCX,A,B,train,141,23
6LCX,B,A,train,146,24
6LCX,C,A,train,141,7
6LCX,D,A,train,146,18
6LCX,E,A,train,141,0
6LCX,F,A,train,146,0
6LCX,G,A,train,141,0
6LCX,H,A,train,146,0
6MRQ,A,I,train,223,39
6MRQ,I,A,train,32,18
6MS1,A,B,train,94,7
6MS1,B,A,train,94,5
6M64,A,B,test,203,15
6M64,C,A,test,194,35
6M64,E,A,test,193,39
6MS7,A,B,val,265,16
6MYE,A,B,val,93,21
6MEG,H,L,test,219,65
6MEG,L,H,test,213,60
6MT3,A,B,test,276,34
6MT3,C,A,test,100,37
6MV4,H,L,train,235,28
6MV4,L,H,train,54,18
6MTL,A,B,test,276,42
6MTL,B,A,test,99,31
6MYD,A,B,train,155,21
6MYD,C,A,train,151,24
6MT6,A,B,val,276,36
6MT6,C,A,val,99,35
6NPP,A,B,test,141,56
6NPP,B,A,test,134,55
6NV2,A,P,train,235,26
6NE2,B,A,train,193,34
6NE2,A,B,train,119,21
6NSV,A,B,train,128,22
6NSV,B,A,train,130,20
6MEE,A,B,train,218,67
6MEE,B,A,train,213,62
6MEE,C,A,train,229,0
6MEE,D,A,train,213,1
6O21,A,B,test,220,29
6O40,A,B,train,50,18
6O40,B,A,train,36,15
6O3K,L,H,train,214,54
6O3K,H,L,train,218,47
6O53,A,B,train,273,36
6O53,B,A,train,99,32
6O3D,L,H,train,214,58
6O3D,H,L,train,223,53
6NI9,A,B,val,227,71
6NI9,B,A,val,229,71
6O24,A,B,train,229,63
6O24,B,A,train,213,64
6O24,K,A,train,49,0
6OJ7,A,C,val,48,23
6OJ7,C,A,val,35,19
6OC7,H,L,test,219,45
6OC7,L,H,test,212,56
6OC7,C,H,test,58,14
6P2C,A,B,val,275,39
6P2C,B,A,val,99,30
6OSH,L,K,train,113,17
6OSH,K,L,train,81,17
6OSH,H,L,train,114,30
6OSV,L,K,train,111,20
6OSV,K,L,train,81,18
6OSV,H,L,train,119,25
6NVX,A,B,train,203,133
6NVX,B,A,train,527,185
6PQK,A,C,train,108,0
6PQK,C,A,train,108,0
6PQK,B,A,train,90,12
6PQK,D,A,train,88,20
6OFQ,A,B,test,512,21
6PYJ,A,B,train,276,41
6PYJ,B,A,train,99,31
6Q00,A,B,train,76,17
6Q00,B,A,train,44,18
6PYV,A,B,train,276,39
6PYV,B,A,train,99,34
6PYW,A,B,test,276,44
6PYW,B,A,test,100,29
6Q3P,A,B,val,46,46
6Q3P,B,A,val,46,46
6Q3P,C,A,val,46,44
6Q41,B,C,train,46,45
6Q41,C,B,train,46,45
6Q41,A,B,train,46,46
6Q43,A,B,train,44,44
6Q43,B,A,train,44,44
6Q43,C,A,train,43,43
6Q0N,A,B,test,93,16
6Q0N,B,A,test,93,13
6Q0M,A,B,train,93,12
6Q0M,B,A,train,94,19
6QHL,A,P,val,236,31
6Q01,A,B,train,76,0
6Q01,B,A,train,76,2
6Q01,C,A,train,45,14
6Q01,D,A,train,45,13
6QHM,A,P,train,235,16
6QTO,A,B,test,313,29
6QTQ,A,B,train,300,20
6Q8G,A,E,test,114,15
6Q8G,B,A,test,114,38
6Q8G,C,A,test,114,13
6Q8G,D,A,test,114,8
6QSP,A,B,test,399,60
6QSP,B,A,test,238,58
6QTR,A,B,train,303,28
6QTS,A,B,train,298,21
6QTU,A,B,train,306,25
6R19,A,B,val,111,20
6R19,B,A,val,105,18
6R19,C,A,val,109,16
6QTV,A,B,train,304,27
6QTW,A,B,train,298,26
6R18,A,B,val,111,18
6R18,B,A,val,109,18
6R18,C,A,val,106,14
6QDY,A,B,train,99,6
6QDY,B,A,train,122,5
6QDY,C,A,train,569,21
6RHC,A,P,test,227,28
6RD2,B,A,train,109,15
6RD2,A,B,train,110,15
6R4W,A,B,val,195,10
6R4W,B,A,val,192,7
6RJL,A,P,train,236,35
6R4Y,A,B,train,193,22
6R4Y,B,A,train,192,21
6RL3,A,P,train,230,29
6R2W,L,H,train,133,28
6R2W,H,L,train,249,29
6R2W,T,L,train,210,49
6R4Z,A,B,train,198,22
6R4Z,B,A,train,192,23
6ROT,H,L,train,250,41
6RWU,A,P,train,229,28
6RXK,A,B,val,235,29
6S34,B,A,test,30,21
6S07,A,C,train,303,37
6S5S,A,B,test,114,0
6RKG,A,B,train,99,7
6RKG,B,A,train,122,5
6RKG,C,A,train,569,20
6RTP,A,B,train,283,90
6RTP,B,A,train,482,100
6O7M,A,B,train,477,137
6O7M,B,A,train,522,121
6O7M,C,A,train,479,0
6O7M,D,A,train,522,38
6S5P,A,B,train,114,38
6S5P,B,A,train,114,41
6S5P,C,A,train,114,10
6S5P,D,A,train,114,14
6RU9,A,B,train,277,91
6RU9,B,A,train,481,101
6RUC,A,B,train,283,86
6RUC,B,A,train,481,99
6SBA,A,B,train,211,17
6SLG,A,B,train,332,6
6SWT,A,B,train,228,17
6SWT,B,A,train,88,18
6SQP,A,B,train,63,30
6SQP,B,A,train,68,33
6SQP,C,A,train,65,0
6SQP,D,A,train,68,0
6T1Q,A,B,train,172,22
6T1Q,B,A,train,162,25
6T3M,L,H,train,30,26
6T3M,H,L,train,251,41
6SAV,A,B,train,438,19
6SAV,B,A,train,437,20
6T3Q,H,L,train,251,40
6T4A,H,L,val,251,40
6SQO,A,B,train,62,14
6SQO,B,A,train,146,16
6SQO,C,A,train,77,12
6SQO,D,A,train,62,27
6SQO,E,A,train,146,0
6SQO,F,A,train,77,8
6T52,H,L,train,251,38
6T53,H,L,test,251,40
6TAW,A,B,test,172,25
6TAW,B,A,test,171,30
6T5D,A,B,train,172,26
6T5D,B,A,train,172,26
6T55,H,L,train,250,41
6SQK,A,B,train,337,43
6SQK,B,A,train,333,44
6T82,A,B,val,173,24
6T82,B,A,val,171,27
6T56,L,H,val,30,27
6T56,H,L,val,250,43
6TKK,A,B,train,158,13
6RP2,S,L,train,264,95
6RP2,L,S,train,580,110
6RP2,T,S,train,264,20
6RP2,M,S,train,580,20
6TKG,L,H,train,36,29
6TKG,H,L,train,252,39
6TOK,A,B,train,125,6
6TCR,H,L,train,213,49
6TCR,L,H,train,216,53
6TJT,A,B,test,159,12
6TJT,B,A,test,158,12
6TDP,A,B,train,276,40
6TDP,B,A,train,99,31
6TKL,L,H,train,36,29
6TKL,H,L,train,251,42
6TS3,A,B,train,73,10
6TS3,B,A,train,70,8
6TNQ,A,B,train,67,22
6TNQ,C,A,train,75,21
6TNQ,E,A,train,67,11
6UYP,A,B,val,74,17
6U22,A,C,train,223,35
6UYV,A,B,test,76,15
6TRN,A,B,train,274,38
6TRN,B,A,train,98,28
6UAI,S,B,val,266,25
6UYR,A,B,train,74,15
6V4F,A,B,train,90,19
6V4G,A,B,val,90,21
6UYZ,A,B,train,76,15
6UYZ,C,A,train,78,13
6UCE,L,H,test,214,52
6UCE,H,L,test,228,61
6UCF,L,H,train,213,55
6UCF,H,L,train,226,57
6V7Q,C,D,train,77,17
6V7Q,A,C,train,76,9
6V7P,C,D,train,76,17
6V7P,A,C,train,74,8
6TBX,A,B,test,249,14
6TBX,B,A,test,249,13
6TBX,C,A,test,238,38
6TBX,D,A,test,249,45
6V2P,A,B,train,276,39
6V2P,B,A,train,100,36
6V2O,A,B,train,276,41
6V2O,B,A,train,100,34
6V4Q,H,L,train,222,52
6V4Q,L,H,train,212,53
6VJJ,A,B,train,168,23
6VJJ,B,A,train,77,17
6VB2,A,B,val,276,36
6VB2,B,A,val,96,33
6VXY,A,C,train,223,34
6W0V,A,B,train,125,25
6W0V,B,A,train,82,24
6W9L,A,B,train,249,14
6WJ7,B,A,train,219,34
6WG8,A,B,train,218,54
6WG8,B,A,train,216,57
6VJU,A,B,val,316,51
6VJU,B,A,val,317,51
6WFY,H,L,train,228,50
6WFY,L,H,train,215,55
6VRY,L,G,train,214,8
6VRY,H,L,train,225,63
6VNT,A,B,train,268,45
6VNT,B,A,train,395,39
6WDU,A,B,train,254,39
6WDU,B,A,train,396,39
6XIE,A,B,train,92,30
6XIE,B,A,train,277,43
6XIC,A,B,train,92,31
6XIC,B,A,train,289,42
6VI2,A,B,train,215,66
6VI2,B,A,train,231,65
6VI2,C,A,train,215,4
6VI2,D,A,train,236,25
6WX3,A,B,train,268,44
6WX3,B,A,train,389,40
6XTD,A,B,train,132,37
6XTD,B,A,train,163,45
6X0C,A,B,train,253,37
6X0C,B,A,train,394,34
6XBG,A,B,train,300,36
6XBG,B,A,train,303,39
6XTN,A,C,train,303,33
6XTO,A,C,train,303,32
6XTQ,A,C,train,302,34
6XTR,A,C,test,303,34
6XTM,A,C,train,303,32
6XTS,A,C,train,303,33
6XRU,A,B,val,309,77
6XRU,B,A,val,393,73
6XVD,U,P,train,248,30
6XRH,A,B,test,267,48
6XRH,B,A,test,396,43
6XXC,A,B,train,235,25
6XZZ,A,B,train,124,9
6XT0,A,B,train,267,44
6XT0,B,A,train,396,42
6XY5,A,B,test,235,30
6XVT,A,B,val,112,11
6XVT,B,A,val,109,13
6XYX,A,B,train,120,35
6XYX,B,A,train,119,35
6Y18,A,B,train,235,27
6XUK,H,L,train,216,57
6XUK,L,H,train,214,60
6Y1D,A,B,train,235,23
6Y1J,A,P,train,235,26
6Y1L,H,L,train,223,59
6Y1L,L,H,train,217,56
6Y27,A,B,val,276,45
6Y27,B,A,val,100,29
6Y9Q,B,D,train,94,21
6Y8E,A,P,train,229,24
6Y3W,A,B,train,235,23
6Y2B,A,B,train,276,47
6Y2B,B,A,train,100,31
6Y26,A,B,train,276,50
6Y26,B,A,train,100,36
6Y29,A,B,train,276,50
6Y29,B,A,train,100,35
6Y2A,A,B,test,276,53
6Y2A,B,A,test,100,34
6YB6,H,L,train,250,38
6YIA,A,P,train,234,21
6YHJ,L,H,val,33,29
6YHJ,H,L,val,253,44
6YA6,A,B,train,344,95
6YA6,B,A,train,101,72
6YOO,A,B,val,118,22
6YHG,L,H,test,31,26
6YHG,H,L,test,253,43
6YMP,H,L,train,251,40
6YLD,A,B,train,150,28
6YLD,C,A,train,152,9
6YOW,A,P,train,231,24
6YNC,A,B,train,346,38
6YPY,A,P,train,233,28
6YQ2,A,P,val,229,22
6YQG,A,B,train,162,44
6YQG,B,A,train,171,40
6YQV,H,L,train,250,36
6YW1,A,B,test,209,26
6YPQ,A,B,val,164,45
6YPQ,B,A,val,172,42
6YSJ,H,L,train,250,36
6YQI,A,B,train,343,34
6YZH,A,D,train,344,17
6Z00,A,B,train,156,16
6Z00,B,A,train,151,16
6Z1V,A,B,train,80,16
6Z1V,B,A,train,123,20
6Z0M,A,B,train,48,28
6Z0M,B,A,train,48,30
6Z0M,C,A,train,48,0
6Z0M,D,A,train,48,0
6Z0M,E,A,train,48,5
6Z0M,F,A,train,48,1
6Z0M,G,A,train,48,1
6Z0M,H,A,train,48,5
6ZBX,A,B,train,337,16
6ZBX,B,A,train,337,18
7A2W,A,B,train,61,15
7A2X,A,B,train,60,15
7A2Y,A,B,train,60,15
6ZA1,A,B,test,279,87
6ZA1,B,A,test,481,100
7A2Z,A,B,train,59,15
6Z8M,A,B,train,283,87
6Z8M,B,A,train,482,99
7A5M,A,B,train,112,15
7ABT,A,B,train,163,16
7AC4,B,A,train,30,20
6ZMX,A,B,train,138,24
6ZMX,B,A,train,146,30
6ZMX,C,A,train,138,3
6ZMX,D,A,train,146,12
6ZEH,A,C,train,304,78
6ZEH,C,A,train,65,48
6ZEH,B,A,train,308,16
6ZEH,D,A,train,65,0
7AA7,A,B,train,115,7
7AA7,B,A,train,114,7
6ZEG,A,C,train,311,84
6ZEG,C,A,train,66,52
6ZEG,B,A,train,308,14
6ZEG,D,A,train,65,0
6ZEI,A,C,train,305,78
6ZEI,C,A,train,65,50
6ZEI,B,A,train,307,13
6ZEI,D,A,train,65,0
7AC9,H,L,train,251,38
7AXN,A,P,val,233,21
7AZ1,A,P,train,231,23
7AZ2,A,P,train,229,23
7B13,A,P,train,236,31
6Z8J,A,B,train,279,87
6Z8J,B,A,train,482,98
6Z8J,C,A,train,279,0
6Z8J,D,A,train,479,13
7B4U,A,C,train,129,23
7B4U,C,A,train,128,21
7AGC,A,B,val,339,33
7AGC,B,A,val,339,35
7AGC,D,A,val,339,4
7AGC,F,A,val,339,7
7AQZ,A,B,train,358,119
7AQZ,B,A,train,361,123
7AQZ,C,A,train,124,4
7AQZ,D,A,train,93,22
7AGE,A,I,train,339,29
7AGE,B,A,train,339,0
7AGE,D,A,train,339,0
7AGE,F,A,train,339,0
7B9R,A,B,train,236,16
7B56,B,A,val,303,25
7B56,A,B,val,68,24
7B9T,A,B,train,236,17
7B4V,C,A,train,126,13
7B4V,A,C,train,128,15
7BA3,A,B,train,236,19
7BA6,A,B,train,236,17
7BA5,A,B,train,236,18
7BA7,A,B,train,236,17
7BA8,A,B,train,236,18
7BAB,A,B,train,236,18
7BG3,A,P,train,231,21
7BAA,A,B,train,236,17
7BI3,A,P,val,230,26
7BIW,A,P,train,231,26
7BJF,A,P,val,235,25
7BIQ,A,P,val,230,26
7BJL,A,P,train,231,24
7BKH,A,P,train,226,24
7CIO,A,B,train,109,19
7BNT,A,B,val,71,17
7BNT,B,A,val,75,14
7BNT,C,A,val,84,3
7BJW,A,P,train,230,24
7D0E,A,B,val,96,18
7CN7,A,C,train,178,30
7CN7,C,A,train,75,29
7CQ3,A,B,train,298,28
7CQ3,B,A,train,74,27
7D3D,A,a,train,139,21
7D3D,B,A,train,138,5
7D8D,A,D,train,232,23
7D5B,A,D,train,369,25
7D5B,D,A,train,112,26
7DA0,B,C,train,95,56
7DA0,C,B,train,74,46
7DMA,A,B,val,93,72
7DMA,B,A,val,91,79
7D9Z,L,H,train,217,60
7D9Z,H,L,train,207,57
7ADY,A,B,train,473,85
7ADY,B,A,train,465,86
7ADY,C,A,train,113,38
7ADY,D,A,train,473,0
7ADY,E,A,train,466,40
7ADY,F,A,train,111,0
7DDM,A,E,train,259,7
7DNG,A,B,val,161,22
7E0B,A,B,train,96,16
7ADR,A,B,train,473,85
7ADR,B,A,train,465,86
7ADR,C,A,train,113,40
7ADR,D,A,train,473,0
7ADR,E,A,train,466,40
7ADR,F,A,train,111,0
7DOH,L,I,test,218,13
7DOH,H,I,test,210,8
7AIZ,A,B,train,473,85
7AIZ,B,A,train,464,86
7AIZ,C,A,train,112,41
7AIZ,D,A,train,473,0
7AIZ,E,A,train,465,40
7AIZ,F,A,train,111,0
7EK6,A,B,train,50,23
7ETU,A,B,train,127,15
7ETV,A,B,train,128,14
7F3S,A,B,val,110,31
7EKB,H,L,train,216,48
7EKB,L,H,train,212,44
7FK9,A,B,train,237,10
7FK9,B,A,train,300,8
7FK2,A,B,train,237,10
7FK2,B,A,train,300,8
7FKD,A,B,train,237,10
7FKD,B,A,train,300,10
7DY3,A,B,train,141,23
7DY3,B,A,train,146,26
7DY3,C,A,train,141,9
7DY3,D,A,train,146,17
7DY3,E,A,train,141,0
7DY3,F,A,train,146,0
7DY3,G,A,train,141,5
7DY3,H,A,train,146,1
7FKH,A,B,test,237,10
7FKH,B,A,test,300,8
7FKT,A,B,train,237,11
7FKT,B,A,train,300,9
7DY4,A,B,test,141,24
7DY4,B,A,test,146,24
7DY4,C,A,test,141,10
7DY4,D,A,test,146,19
7DY4,E,A,test,141,0
7DY4,F,A,test,146,0
7DY4,G,A,test,141,5
7DY4,H,A,test,146,1
7FMA,A,B,train,237,10
7FMA,B,A,train,300,8
7FME,A,B,test,237,11
7FME,B,A,test,300,9
7FN1,A,B,train,237,12
7FN1,B,A,train,300,10
7EAM,A,H,test,204,20
7EAM,H,A,test,215,18
7EAM,L,A,test,214,8
7EAM,B,A,test,204,0
7EAM,C,A,test,215,0
7EAM,D,A,test,214,0
7FMI,A,B,val,252,11
7FMI,B,A,val,300,8
7FN8,A,B,val,237,10
7FN8,B,A,val,300,8
7B1S,A,B,train,584,28
7B1S,B,A,train,466,42
7B1S,C,A,train,265,66
7B1S,D,A,train,586,128
7B1S,E,A,train,466,71
7B1S,F,A,train,265,20
7FNS,A,B,test,237,10
7FNS,B,A,test,300,8
7FO7,A,B,test,237,10
7FO7,B,A,test,300,8
7G82,A,B,train,179,32
7G82,B,A,train,245,42
7G83,A,B,val,179,32
7G83,B,A,val,245,41
7FOG,A,B,val,237,10
7FOG,B,A,val,300,8
7FP4,A,B,test,237,11
7FP4,B,A,test,300,8
7FP1,A,B,test,253,11
7FP1,B,A,test,300,8
7G8B,A,B,train,179,29
7G8B,B,A,train,245,42
7H1I,A,B,train,39,34
7H1I,B,A,train,156,66
7H1N,A,B,train,39,36
7H1N,B,A,train,154,70
7G8F,A,B,train,179,31
7G8F,B,A,train,245,42
7G8R,A,B,train,179,32
7G8R,B,A,train,245,42
7G8T,A,B,test,179,32
7G8T,B,A,test,245,42
7H1O,A,B,train,39,36
7H1O,B,A,train,156,70
7G8V,A,B,train,178,31
7G8V,B,A,train,245,42
7H1Y,A,B,train,39,35
7H1Y,B,A,train,156,64
7H1T,A,B,train,39,35
7H1T,B,A,train,156,66
7H1P,A,B,test,39,35
7H1P,B,A,test,156,68
7H1X,A,B,train,39,35
7H1X,B,A,train,156,67
7H2C,A,B,train,39,38
7H2C,B,A,train,156,67
7H2G,A,B,train,39,34
7H2G,B,A,train,156,70
7H2I,A,B,train,39,35
7H2I,B,A,train,156,68
7H2L,A,B,val,39,36
7H2L,B,A,val,156,66
7H2R,A,B,train,39,34
7H2R,B,A,train,156,65
7HOL,A,B,train,39,35
7HOL,B,A,train,156,65
7JZQ,A,C,train,87,21
7K3K,A,B,val,88,23
7JQK,E,I,test,222,35
7JQK,I,E,test,165,21
7JOD,E,I,val,223,37
7JOD,I,E,val,166,23
7K3Q,H,L,val,226,49
7K3Q,L,H,val,216,55
7IAW,A,B,test,39,36
7IAW,B,A,test,148,71
7IAW,C,A,test,39,0
7IAW,D,A,test,159,5
7KGP,A,B,test,278,42
7KGP,B,A,test,98,30
7KD7,D,E,train,202,44
7KD7,A,D,train,204,18
7KJM,A,B,train,85,16
7KJM,C,A,train,84,12
7KGQ,A,B,val,276,40
7KGQ,B,A,val,99,33
7KPU,D,E,val,195,45
7KPU,A,D,val,197,18
7LHY,A,B,train,110,17
7LIN,A,B,test,139,16
7KH6,A,B,test,268,46
7KH6,B,A,test,394,39
7KU9,A,B,test,257,38
7KU9,B,A,test,394,38
7LD9,A,B,train,343,163
7LD9,B,A,train,189,142
7KWV,A,B,train,268,42
7KWV,B,A,train,395,40
7M10,A,B,val,68,17
7KYT,A,B,val,267,43
7KYT,B,A,val,393,39
7M53,H,A,train,220,14
7M53,L,A,train,218,6
7M8U,A,B,train,276,40
7M8U,B,A,train,99,33
7M55,H,A,train,220,14
7M55,L,A,train,218,9
7LKL,A,B,train,269,43
7LKL,B,A,train,394,40
7LPF,A,B,train,268,40
7LPF,B,A,train,393,38
7MT4,A,B,test,265,45
7MT4,B,A,test,395,39
7NDY,A,B,test,86,19
7NDY,B,A,test,86,18
7NDY,G,A,test,42,10
7N3G,H,L,train,217,55
7N3G,L,H,train,214,61
7N0R,A,B,train,127,25
7N0R,B,A,train,127,21
7N0R,C,A,train,123,25
7N0R,D,A,train,123,5
7N3H,H,L,test,214,61
7N3H,L,H,test,213,61
7NFW,A,B,train,231,17
7N4N,A,D,train,366,29
7N4N,D,A,train,112,25
7NJ9,A,P,train,226,25
7NJB,A,P,val,227,23
7NK3,A,P,train,227,22
7NK5,A,P,train,228,25
7NEL,A,B,train,242,46
7NEL,B,A,train,245,44
7NLC,A,B,train,144,19
7NLE,A,P,val,227,23
7NLA,A,P,val,226,22
7NFB,A,B,val,241,50
7NFB,B,A,val,244,47
7NM3,A,P,test,226,23
7NM1,A,P,train,227,25
7NMH,A,P,train,229,25
7NND,A,P,train,230,31
7NPG,A,P,val,233,29
7NP2,A,P,train,235,30
7NPB,A,P,train,235,31
7NQP,A,P,train,226,26
7NR7,A,P,train,227,23
7NSV,A,P,train,224,21
7NUS,A,B,train,86,14
7NUS,B,A,train,88,12
7NUS,C,A,train,95,0
7JRF,A,B,test,477,124
7JRF,B,A,test,522,111
7JRF,C,A,test,477,0
7JRF,D,A,test,522,34
7NV4,A,P,val,226,26
7NVI,A,P,train,227,25
7NWS,A,P,train,226,25
7NXT,A,P,test,224,26
7NXS,A,P,train,226,24
7NXW,A,P,train,224,25
7NXY,A,P,train,226,23
7NY4,A,P,train,227,25
7NYE,A,P,train,228,26
7NZ6,A,P,test,227,26
7NYG,A,P,train,227,27
7NZK,A,P,train,226,27
7NYF,A,P,train,228,25
7NZG,A,P,test,227,26
7NZV,A,P,train,228,24
7O3A,A,P,train,227,25
7O3F,A,P,test,226,24
7O3P,A,P,val,226,27
7O07,A,P,train,234,34
7O57,A,P,train,226,26
7O34,A,P,train,226,22
7O59,A,P,train,226,25
7O6J,A,P,train,225,25
7O6M,A,P,val,227,27
7O6O,A,P,test,227,27
7O6K,A,P,train,227,25
7OBV,A,B,train,39,39
7OBV,B,A,train,155,73
7OFV,A,B,val,184,21
7OKJ,A,B,train,125,6
7OKG,A,B,test,125,7
7NEM,S,L,train,268,90
7NEM,L,S,train,551,106
7NEM,T,S,train,268,25
7NEM,M,S,train,551,18
7OKL,A,B,train,125,6
7OJU,A,H,train,214,44
7OHI,A,B,train,250,21
7OQ8,C,B,train,227,23
7OQJ,A,P,test,226,24
7OQF,A,B,train,254,54
7OQF,B,A,train,255,55
7OQI,A,B,train,254,53
7OQI,B,A,train,255,55
7OQS,A,P,train,226,27
7OQK,A,B,train,254,53
7OQK,B,A,train,255,55
7OQM,A,B,train,254,54
7OQM,B,A,train,255,55
7OQU,A,P,train,226,19
7OQN,A,B,val,254,54
7OQN,B,A,val,255,55
7OYM,A,B,train,257,21
7OYN,A,B,train,257,18
7OYQ,A,C,test,257,20
7ODH,L,S,train,598,105
7ODH,S,L,train,264,97
7OW1,H,A,test,219,13
7OW1,K,A,test,214,10
7OYR,A,C,test,257,9
7PFQ,A,B,val,38,37
7PFQ,B,A,val,149,70
7P8X,A,M,val,282,17
7PFY,A,B,train,40,39
7PFY,B,A,train,153,74
7PFZ,A,B,val,40,39
7PFZ,B,A,val,154,75
7PVX,A,B,test,60,15
7PVX,C,A,test,59,12
7PIE,A,B,train,348,33
7PH1,E,I,test,223,33
7PH1,I,E,test,56,17
7Q5V,A,B,train,223,44
7Q7T,A,B,train,125,7
7Q7S,A,B,train,125,6
7PIF,A,B,train,349,33
7PUL,A,P,train,347,5
7PIH,A,B,train,349,35
7Q5X,A,B,test,221,42
7QTW,A,B,test,146,34
7QQY,A,B,train,216,24
7QOY,A,B,train,200,95
7QOY,B,A,train,227,113
7QOV,A,B,train,200,97
7QOV,B,A,train,227,109
7QOM,A,B,train,200,95
7QOM,B,A,train,227,113
7QOU,A,B,val,200,95
7QOU,B,A,val,227,108
7RMQ,A,B,train,30,9
7RJR,A,B,train,126,12
7RJO,A,B,train,125,23
7RNS,A,B,train,110,23
7R5I,A,B,test,141,28
7R5I,B,A,test,143,34
7R5I,C,A,test,148,33
7RJP,A,B,train,127,20
7R7W,A,B,test,276,41
7R7W,B,A,test,100,33
7RUP,A,B,test,62,12
7RG8,A,B,train,385,120
7RG8,B,A,train,74,71
7ROV,A,B,train,168,17
7ROV,B,A,train,168,11
7S4O,A,B,test,170,14
7S4O,B,A,test,162,15
7RSW,A,B,train,125,7
7RSW,B,A,train,125,7
7RNU,A,B,train,107,14
7RNU,C,A,train,110,13
7RNU,E,A,train,106,0
7RNU,G,A,train,109,5
7S7J,A,B,train,84,23
7RZL,A,B,train,214,95
7RZL,B,A,train,210,98
7S6O,A,B,val,73,14
7S6O,B,A,val,75,11
7S5H,A,B,train,92,28
7S5H,B,A,train,230,44
7S51,A,B,train,161,15
7S51,B,A,train,170,19
7RPU,A,B,train,210,55
7RPU,B,A,train,218,57
7T1K,A,B,test,102,17
7S5S,A,B,val,262,43
7S5S,B,A,val,165,43
7SG5,H,L,train,221,51
7SG5,L,H,train,217,56
7SAK,A,B,train,225,25
7SAK,B,A,train,119,24
7T1L,A,B,val,99,12
7T1L,B,A,val,100,12
7T0H,H,L,train,215,50
7T0H,L,H,train,219,53
7TOA,B,A,train,116,16
7TOA,A,B,train,116,20
7TGF,A,B,train,259,31
7TGF,B,A,train,129,27
7TZK,A,B,train,64,5
7TZK,B,A,train,64,4
7TUD,A,B,train,274,44
7TUD,B,A,train,100,33
7TUC,A,B,train,274,37
7TUC,B,A,train,99,32
7UXN,A,B,test,164,22
7UZO,A,B,train,101,28
7UGM,H,L,val,225,49
7UGM,L,H,val,201,47
7VD7,A,B,val,94,50
7VD7,B,A,val,44,31
7T89,A,B,train,63,48
7T89,B,A,train,174,63
7T89,C,A,train,62,12
7T89,D,A,train,171,12
7W0Q,A,B,train,173,20
7UV5,A,B,test,312,36
7UV5,B,A,test,76,23
7UV5,C,A,test,41,10
7VEN,A,B,train,210,48
7VEN,B,A,train,214,49
7UXM,A,B,train,166,8
7UXM,B,A,train,164,9
7UXM,C,A,train,163,12
7W4Z,A,B,train,362,46
7W4Z,B,A,train,154,50
7WJ2,A,B,val,276,46
7WJ2,B,A,val,100,31
7W50,A,B,train,363,50
7W50,B,A,train,154,50
7W51,A,B,train,361,48
7W51,B,A,train,154,49
7W0S,B,A,test,169,18
7W0S,C,B,test,169,19
7W0S,E,B,test,169,9
7X6Y,A,B,train,169,18
7WZZ,A,B,train,277,40
7WZZ,B,A,train,99,30
7X00,A,B,train,277,40
7X00,B,A,train,99,32
7X1C,A,B,train,277,40
7X1C,B,A,train,99,32
7X6Z,A,B,train,170,19
7X1B,A,B,val,277,40
7X1B,B,A,val,99,31
7YAA,A,B,train,141,22
7X70,A,B,train,170,16
7SSF,A,B,val,71,54
7SSF,B,A,val,175,67
7SSF,C,A,val,71,23
7SSF,D,A,val,175,12
7SSF,E,A,val,71,0
7SSF,F,A,val,174,0
7SSF,G,A,val,71,0
7SSF,H,A,val,173,0
7Y6C,A,B,train,71,27
7Y6C,B,A,train,77,22
7Y6C,D,A,train,71,2
7Y6C,E,A,train,77,0
7Z7C,A,B,test,159,24
7Y8J,H,A,val,121,20
7Y8J,L,H,val,114,28
7ZKR,A,B,train,115,21
7Z8O,A,B,train,195,14
7ZPD,A,B,train,41,40
7ZPD,B,A,train,155,74
7YV1,A,H,train,169,15
7YV1,H,A,train,222,12
7YV1,L,A,train,213,5
7Z0V,A,B,val,200,95
7Z0V,B,A,val,227,113
7Z76,A,B,val,104,30
7Z76,B,A,val,89,32
7Z76,C,A,val,143,6
7Z76,D,A,val,113,0
7ZTM,A,B,train,40,39
7ZTM,B,A,train,151,70
7ZR2,A,B,train,227,70
7ZR2,B,A,train,40,38
7ZWO,A,B,test,125,7
7ZWX,A,B,test,125,7
7ZW5,A,B,train,38,37
7ZW5,B,A,train,149,70
7ZWZ,A,B,train,125,7
7ZV7,A,B,train,298,21
7ZYS,A,B,train,39,39
7ZYS,B,A,train,154,73
7ZSE,A,B,test,246,64
7ZSE,B,A,test,261,64
8AD9,A,B,train,148,12
8AD9,B,A,train,151,13
8A15,A,B,train,40,39
8A15,B,A,train,150,69
8AFN,A,B,val,236,23
8ALX,A,B,train,115,20
8ALR,A,B,test,236,18
8ALT,A,B,train,236,18
8AED,A,B,train,160,26
8AED,B,A,train,160,29
8ANC,A,P,train,236,24
8AOY,A,B,train,236,17
8ANF,A,B,test,236,18
8AQ1,A,B,train,236,17
8APS,A,B,val,236,18
8AN5,A,B,val,194,15
8AN5,B,A,val,184,11
8AN5,C,A,val,51,18
8AQB,A,B,val,40,39
8AQB,B,A,val,155,74
8AQA,A,B,train,40,39
8AQA,B,A,train,155,74
8AQZ,A,B,val,236,17
8AR5,A,B,train,236,18
8ARQ,A,B,train,236,18
8AQK,A,B,test,40,39
8AQK,B,A,test,154,72
8ARR,A,B,train,233,17
8ARX,A,B,train,236,18
8ARY,A,B,test,236,18
8ATP,A,B,test,236,18
8ATS,A,P,test,236,23
8AT9,A,B,val,236,16
8AUS,A,B,train,236,17
8AV7,A,B,train,235,18
8AVR,A,B,train,51,0
8AVR,C,A,train,51,8
8AVT,B,C,train,51,7
8AVT,A,C,train,51,0
8AVS,A,B,train,51,11
8AVS,B,A,train,51,8
8B2F,A,B,train,74,4
8B2F,B,A,train,74,4
8B2I,A,B,train,236,18
8B2K,A,B,train,236,19
8B0Z,A,B,val,131,15
8B0Z,B,A,val,130,16
8A8O,A,B,train,556,31
8A8O,B,A,train,544,34
8A8O,C,A,train,101,12
8A8O,D,A,train,102,56
8B2R,A,B,train,78,24
8B2R,B,A,train,86,33
8B2Q,A,I,train,166,37
8B2Q,I,A,train,94,28
8B4Q,A,B,val,236,22
8B39,A,B,val,236,17
8B5P,A,B,train,236,19
8BD1,A,B,test,127,32
8BD1,B,A,test,130,29
8BF1,A,B,train,262,20
8BFC,A,B,train,236,17
8B58,A,B,train,199,12
8B58,B,A,train,200,11
8BI7,A,B,train,236,21
8BFT,A,B,train,321,20
8BJG,A,B,train,236,25
7COH,A,B,test,512,96
7COH,B,A,test,226,88
7COH,C,A,test,258,62
7COH,D,A,test,143,45
7COH,E,A,test,102,0
7COH,F,A,test,91,33
7COH,G,A,test,72,10
7COH,H,A,test,75,8
7COH,I,A,test,70,5
7COH,J,A,test,56,9
7COH,K,A,test,49,10
7COH,L,A,test,44,34
7COH,M,A,test,40,26
7COH,N,A,test,512,0
7COH,O,A,test,226,0
7COH,P,A,test,258,1
7COH,Q,A,test,137,0
7COH,R,A,test,102,0
7COH,S,A,test,91,0
7COH,T,A,test,72,7
7COH,U,A,test,75,0
7COH,V,A,test,70,0
7COH,W,A,test,56,0
7COH,X,A,test,49,0
7COH,Y,A,test,44,0
7COH,Z,A,test,40,0
8BJ7,A,B,train,395,117
8BJ7,B,A,train,88,73
8BBP,A,B,test,344,74
8BBP,B,A,test,346,76
8BJN,A,B,val,234,21
8BM5,A,B,train,236,19
8BJ8,A,B,val,394,118
8BJ8,B,A,val,88,71
8BNT,A,B,train,179,29
8BNT,B,A,train,245,42
8BX3,A,B,test,236,21
8AXS,A,B,train,573,6
8AXS,B,A,train,572,11
8BP4,A,B,val,93,0
8BP4,B,A,val,92,2
8BP4,C,A,val,90,4
8BXI,A,B,val,236,20
8BYO,A,B,train,236,22
8BYZ,A,B,val,236,22
8BZ0,A,B,train,236,21
8BZ9,A,B,train,236,21
8BZC,A,B,train,236,20
8BZA,A,B,train,236,22
8BZH,A,B,test,236,22
8BZE,A,B,train,236,20
8BZW,A,B,val,236,21
8C0K,A,B,train,236,21
8C04,A,B,train,236,21
8C2Y,A,P,train,230,18
8C3N,A,B,test,214,30
8C3Z,A,B,train,236,31
8C40,A,B,train,236,20
8BRT,A,B,train,195,131
8BRT,B,A,train,526,184
8BRS,A,B,train,195,134
8BRS,B,A,train,524,181
8C42,A,B,test,236,18
8C4F,A,B,train,236,21
8C43,A,B,train,233,22
8C4G,A,B,val,236,21
8CNC,A,B,train,194,29
8CNC,B,A,train,118,30
8CZF,A,B,train,161,39
8CMC,A,B,train,182,63
8CMC,B,A,train,192,54
8CZH,A,B,train,157,33
8DA3,A,B,val,54,15
8DA3,B,A,val,50,18
8D36,H,L,val,218,51
8D36,L,H,val,212,49
8DA7,A,B,train,54,16
8DA7,B,A,train,52,20
8DA8,A,B,train,57,17
8DA8,B,A,train,53,11
8DA5,A,C,train,57,0
8DA5,C,A,train,55,0
8DA5,B,A,train,55,16
8DA5,D,A,train,54,4
8D54,A,B,train,222,63
8D54,B,A,train,218,68
8DAC,A,B,train,56,17
8DAC,B,A,train,56,14
8CM6,B,A,val,214,59
8CM6,D,A,val,214,0
8CWT,A,B,train,75,20
8CWT,B,A,train,108,18
8CWT,C,A,train,75,0
8CWT,D,A,train,108,0
8CWT,E,A,train,76,0
8CWT,F,A,train,108,2
8DAB,A,B,train,48,17
8DAB,B,A,train,52,18
8DA9,A,B,train,56,15
8DA9,B,A,train,56,18
8DA9,C,A,train,56,0
8DA9,D,A,train,55,0
8EBK,A,B,train,86,21
8DZV,A,C,train,235,28
8EC5,A,B,val,257,39
8EC5,B,A,val,99,31
8E13,A,B,train,275,39
8E13,B,A,train,100,30
8E2Z,A,B,train,269,42
8E2Z,B,A,train,100,33
8ENS,A,C,train,302,18
8EMZ,A,B,train,305,19
8EMZ,B,A,train,128,20
8EHE,A,B,train,352,53
8EHE,B,A,train,124,43
8EBL,A,B,train,335,22
8EBL,B,A,train,333,12
8ESE,Z,X,train,183,22
8DYE,A,B,test,611,53
8DYE,B,A,test,43,32
8G4K,A,B,train,101,27
8G4K,B,A,train,111,24
8FKC,A,D,train,260,16
8G4Y,A,B,val,155,19
8G4Y,B,A,val,39,16
8G1W,A,M,train,240,10
8ENW,A,B,val,302,20
8ENW,B,A,val,302,20
8G9Q,A,D,train,170,10
8G9Q,D,A,train,164,21
8FXQ,A,B,train,324,29
8FXQ,B,A,train,329,26
8GCK,B,A,test,128,24
8GCK,A,B,test,126,23
8GKO,A,C,train,95,32
8GKO,C,A,train,282,46
8GSW,A,B,test,362,51
8GSW,B,A,test,152,50
8GT1,A,B,test,361,49
8GT1,B,A,test,152,49
8HLO,A,C,train,67,18
8IBP,A,C,test,143,16
8GV1,A,B,train,214,47
8GV1,B,A,train,212,47
8GV2,A,B,train,218,44
8GV2,B,A,train,212,50
8H7K,A,B,test,302,30
8CH9,B,A,train,134,47
8CH9,D,A,train,133,0
8CH9,F,A,train,134,0
8CH9,H,A,train,133,15
8GT5,A,B,val,362,47
8GT5,B,A,val,154,49
8JJV,A,B,train,110,27
8JLY,A,B,train,110,26
8HQV,A,B,train,300,17
8IM0,A,B,test,214,27
8IM0,B,A,test,124,19
8KDX,A,B,train,60,8
8JUF,A,B,train,163,23
8JUG,A,C,train,162,23
8K00,A,B,train,120,23
8K00,B,A,train,31,19
8IC9,A,B,train,76,16
8IC9,B,A,train,76,16
8IC9,C,A,train,76,0
8IC9,D,A,train,76,0
8OWS,A,C,train,122,29
8OWS,C,A,train,117,27
8JOW,A,B,train,227,25
8JOW,C,A,train,226,14
8P0D,A,B,val,234,21
8P2T,H,L,train,267,61
8P2T,L,H,train,216,60
8OJU,L,H,train,216,48
8OJU,H,L,train,222,55
8P6H,L,H,val,215,62
8P6H,H,L,val,219,51
8PAT,A,H,train,369,22
8PEF,A,B,test,134,18
8PAY,A,H,train,370,22
8Q55,A,P,train,235,24
8Q1Q,A,D,train,288,21
8JSU,A,B,val,39,14
8JSU,B,A,val,310,24
8JSU,C,A,val,42,0
8JSU,D,A,val,311,0
8Q1R,A,E,test,288,20
8Q64,A,B,train,219,43
8OW6,A,B,test,148,37
8OW6,B,A,test,148,38
8OW6,C,A,test,148,0
8OW6,D,A,test,148,3
8Q6D,A,B,train,220,39
8Q6E,A,B,train,219,41
8QU2,B,A,train,87,10
8QU2,C,A,train,81,11
8QU3,B,A,val,87,10
8QU3,C,A,val,82,10
8QF4,E,A,train,127,27
8QF4,A,E,train,67,25
8PN3,A,B,test,343,9
8PN3,B,A,test,342,9
8QU4,B,A,train,87,10
8QU4,C,A,train,81,8
8QDG,A,B,train,196,31
8QDG,B,A,train,118,30
8R0Z,A,P,train,234,32
8R38,H,L,train,215,45
8R38,L,H,train,213,55
8R7S,A,B,train,200,13
8R7S,B,A,train,200,11
8R7T,B,A,train,199,11
8R7T,A,B,train,197,12
8R7U,B,A,train,199,13
8R7U,A,B,train,199,13
8RNG,A,C,train,276,30
8RNG,B,A,train,100,35
8RMO,H,F,test,205,9
8RMO,L,F,test,211,12
8QEH,A,B,train,337,33
8QEH,B,A,train,336,42
8QEH,G,A,train,60,0
8ROE,A,B,test,357,36
8ROE,B,A,test,67,22
8ROO,A,B,test,276,34
8ROO,C,A,test,100,34
8RPE,B,E,train,118,27
8RPE,E,B,train,114,27
8ROP,A,C,val,276,38
8ROP,B,A,val,100,35
8RV1,A,B,train,219,43
8S2M,A,B,val,132,41
8S2M,B,A,val,128,39
8S6A,B,A,test,86,13
8S6A,A,B,test,109,12
8SII,A,B,test,56,9
8SII,B,A,test,56,7
8SP6,A,B,train,57,7
8SP6,B,A,train,55,9
8SP6,C,A,train,57,7
8SP6,D,A,train,58,12
8SP6,E,A,train,56,0
8SP6,F,A,train,55,0
8SGF,A,B,train,325,8
8SGF,B,A,train,328,8
8SOV,A,B,train,279,31
8SPL,A,B,val,279,24
8SVG,A,B,test,119,17
8SVG,B,A,test,74,24
8SVI,B,A,val,78,23
8SVI,A,B,val,119,20
8T19,A,B,train,86,18
8SVH,A,B,train,119,19
8SVH,B,A,train,78,24
8T4R,A,D,train,75,25
8SRV,A,B,train,306,69
8SRV,B,A,train,313,61
8RS8,A,B,val,210,14
8RS8,B,A,val,205,16
8RS8,C,A,val,210,0
8RS8,D,A,val,210,10
8ST7,D,B,train,75,0
8ST7,B,D,train,75,0
8ST7,A,D,train,212,0
8ST7,C,D,train,209,37
8TI6,A,B,train,130,3
8TK9,A,B,test,204,23
8TK9,B,A,test,56,24
8TBG,A,B,train,167,1
8TBG,B,A,train,167,1
8TBG,C,A,train,165,16
8TBG,D,A,train,164,13
8TBJ,A,B,val,170,5
8TBJ,B,A,val,170,8
8TBJ,C,A,val,165,0
8TBJ,D,A,val,163,12
8TBK,A,B,train,170,2
8TBK,B,A,train,170,1
8TBK,C,A,train,164,15
8TBK,D,A,train,165,15
8S02,A,B,val,438,57
8S02,B,A,val,375,49
8S02,C,A,val,431,14
8S02,D,A,val,375,4
8UG0,A,B,train,56,56
8UG0,B,A,train,56,56
8TN4,H,L,val,221,62
8TN4,L,H,val,215,55
8TBN,A,B,train,169,1
8TBN,B,A,train,170,2
8TBN,C,A,train,165,16
8TBN,D,A,train,162,14
8UG2,A,B,train,56,56
8UG2,B,A,train,56,56
8TXF,A,B,test,295,48
8UK5,A,B,train,132,19
8TYX,A,B,test,82,32
8TYX,B,A,test,162,47
8VGC,A,B,train,75,16
8VGC,B,A,train,73,15
8VLF,A,B,train,53,13
8VLF,B,A,train,53,12
8VGD,A,B,val,74,16
8VGD,B,A,val,72,15
8XO3,A,B,train,47,22
8XO3,B,A,train,35,19
8VSL,A,P,test,234,22
8XNE,A,B,train,42,20
8XNE,B,A,train,35,18
8XO5,A,B,train,40,18
8YTG,A,B,train,76,15
8S1T,A,B,train,438,59
8S1T,B,A,train,375,57
8S1T,C,A,train,431,18
8S1T,D,A,train,375,3
8XO6,A,B,test,42,19
8XO6,B,A,test,35,21
8XO6,C,A,test,42,15
8XO6,D,A,test,32,16
8XO6,E,A,test,42,14
8XO6,F,A,test,32,0
8XO2,A,B,train,42,21
8XO2,B,A,train,34,19
8XO2,C,A,train,42,16
8XO2,D,A,train,35,20
8XO2,E,A,train,42,17
8XO2,F,A,train,32,0
8Z54,A,B,train,267,22
9C66,A,B,train,110,11
9D34,A,C,train,89,14
8VTD,A,B,train,214,49
8VTD,B,A,train,221,53
8VTD,C,A,train,105,15
9D5U,A,B,val,203,92
9D5U,B,A,val,228,103
9D5V,A,B,train,203,91
9D5V,B,A,train,228,105
9DNO,A,B,train,77,8
9DNO,B,A,train,71,6
9D5Y,A,B,train,202,88
9D5Y,B,A,train,228,104
9DNP,A,C,val,72,15
9DNP,B,A,val,73,14
9DNR,A,C,val,70,12
9D65,A,B,test,202,86
9D65,B,A,test,228,104
9DNQ,A,C,train,75,14
9DNQ,B,A,train,75,15
9EIK,A,B,val,100,32
9D6K,A,B,train,202,92
9D6K,B,A,train,228,106
9E9G,A,B,val,110,21
9E9G,B,A,val,83,19
9EJW,A,B,train,153,16
9EJW,B,A,train,134,19
8W6X,L,S,train,533,110
8W6X,S,L,train,266,103
8ZXW,H,L,train,213,47
8ZXW,L,H,train,217,59
8ZXW,A,H,train,214,12
8ZXW,B,H,train,217,0
9EAF,A,B,train,365,100
9EAF,B,A,train,367,104
7W3E,A,B,train,513,103
7W3E,B,A,train,226,85
7W3E,C,A,train,259,63
7W3E,D,A,train,144,36
7W3E,E,A,train,104,1
7W3E,F,A,train,93,36
7W3E,G,A,train,80,8
7W3E,H,A,train,79,4
7W3E,I,A,train,72,4
7W3E,J,A,train,57,10
7W3E,K,A,train,49,10
7W3E,L,A,train,46,37
7W3E,M,A,train,41,24
7W3E,N,A,train,513,0
7W3E,O,A,train,226,0
7W3E,P,A,train,259,0
7W3E,Q,A,train,144,0
7W3E,R,A,train,104,0
7W3E,S,A,train,93,0
7W3E,T,A,train,84,16
7W3E,U,A,train,79,0
7W3E,V,A,train,72,0
7W3E,W,A,train,57,0
7W3E,X,A,train,49,0
7W3E,Y,A,train,46,0
7W3E,Z,A,train,41,0
9ER6,S,L,train,262,100
9ER6,L,S,train,581,110
9ER6,T,S,train,263,20
9ER6,M,S,train,581,21
9ER5,S,L,test,263,95
9ER5,L,S,test,581,108
9ER5,T,S,test,263,20
9ER5,M,S,test,581,22
9EQI,S,L,train,263,94
9EQI,L,S,train,581,107
9EQI,T,S,train,263,20
9EQI,M,S,train,581,22
9EW1,A,P,train,235,24
9ER7,S,L,train,263,95
9ER7,L,S,train,581,106
9ER7,T,S,train,263,21
9ER7,M,S,train,581,21
9ERC,S,L,train,268,91
9ERC,L,S,train,551,104
9ERC,T,S,train,267,22
9ERC,M,S,train,550,17
9EW3,A,P,test,236,23
9EZU,A,B,train,118,21
9EZU,B,A,train,128,20
9F6S,A,B,test,84,14
9EZV,A,B,test,118,21
9EZV,B,A,test,124,17
9ERB,S,L,train,268,102
9ERB,L,S,train,551,113
9ERB,T,S,train,268,24
9ERB,M,S,train,551,18
9FC2,A,B,test,195,32
9FC2,B,A,test,120,28
9FWS,A,B,test,131,52
9FWS,B,A,test,286,60
9FL5,A,B,test,196,31
9FL5,B,A,test,118,31
9F7W,A,B,train,271,20
9ERR,S,L,train,269,90
9ERR,L,S,train,551,106
9ERR,T,S,train,269,22
9ERR,M,S,train,551,16
9FZB,A,E,train,197,23
9FZB,E,A,train,124,20
9G6Q,H,L,train,120,24
9G6Q,L,H,train,113,31
9FZK,A,B,train,131,52
9FZK,B,A,train,286,60
9GG8,A,P,train,236,22
9ERP,S,L,train,268,102
9ERP,L,S,train,551,112
9ERP,T,S,train,268,24
9ERP,M,S,train,551,18
9GHK,A,B,train,62,15
9GHK,B,A,train,57,8
9GRF,A,M,test,104,14
9GFY,A,B,train,330,25
9GRJ,A,M,train,100,12
9GVH,A,B,train,35,24
9GVH,B,A,train,74,29
9F1I,H,I,train,223,9
9F1I,I,H,train,223,11
9F1I,L,H,train,217,59
9F1I,M,H,train,216,0
9GG7,A,B,train,234,25
9GG7,B,A,train,236,27
9G43,A,Q,train,618,12
9EVF,A,B,test,456,61
9EVF,B,A,test,105,52
9EVF,C,A,test,456,94
9EVF,D,A,test,105,20
9HFV,A,B,test,141,24
9FYS,C,X,val,119,6
9FYS,X,C,val,72,5
9FYS,Z,C,val,74,6
9FYS,I,C,val,133,0
9FYS,M,C,val,120,0
9FYS,B,C,val,133,25
9H8H,A,D,val,214,48
9H8H,D,A,val,219,42
9GZ0,A,B,train,393,121
9GZ0,B,A,train,88,71
9GZ4,A,B,val,393,119
9GZ4,B,A,val,88,70
9I24,H,L,test,234,25
9I24,L,H,test,52,20
9I9X,A,B,train,119,22
9I3W,H,L,train,234,49
9I3W,L,H,train,215,51
9JM8,A,B,val,64,20
9JM8,B,A,val,66,30
9GZL,A,B,val,394,121
9GZL,B,A,val,88,71
9IWM,A,B,train,263,18
9IBU,A,B,test,33,33
9IBU,B,A,test,33,33
9IBU,C,A,test,30,30
9IBU,D,A,test,33,3
9IBU,E,A,test,30,1
9IBU,F,A,test,30,1
9K9P,A,B,val,86,20
9K9P,B,A,val,46,21
9I41,L,H,train,212,51
9I41,H,L,train,228,54
9JU1,C,A,train,43,15
9JU1,A,C,train,97,17
9LH0,A,B,test,35,23
9LH0,B,A,test,74,28
9I43,H,L,test,235,51
9I43,L,H,test,211,62
9MUX,A,D,train,77,17
9MXD,A,B,test,143,48
9IA3,A,B,test,215,55
9IA3,B,A,test,228,61
9NKQ,A,B,train,54,20
9NKQ,B,A,train,55,16
9NKQ,D,A,train,53,17
9MEF,A,B,train,264,41
9MEF,B,A,train,100,32
9N89,H,L,train,215,44
9N89,L,H,train,212,46
9N9N,A,B,train,167,5
9N9N,B,A,train,169,11
9HUB,C,X,val,119,3
9HUB,X,C,val,73,7
9HUB,Z,C,val,74,4
9HUB,I,C,val,133,0
9HUB,M,C,val,120,0
9HUB,B,C,val,133,26
9OJ3,A,B,train,80,32
9OJ3,C,A,train,80,8
9NN4,A,B,train,115,33
9NN4,B,A,train,114,32
9PU8,A,C,train,166,20
9LB5,A,B,train,147,38
9LB5,B,A,train,148,36
9LB5,C,A,train,146,12
9LB5,D,A,train,148,1
9KHC,A,B,train,248,14
9KHC,C,A,train,248,9
9NYN,A,B,train,261,41
9NYN,B,A,train,100,34
9Q1H,A,B,train,64,23
9Q1H,B,A,train,165,23
9QNJ,A,P,train,236,21
9R4A,B,A,val,30,20
9R4C,B,A,test,30,20
9QNH,A,P,train,236,24
9R2Z,B,A,train,78,21
9R2Z,A,B,train,79,20
9QNG,A,B,train,236,25
9R4E,B,A,test,30,20
9QNL,A,B,train,236,23
9QD6,B,A,train,88,70
9QD6,A,B,train,396,119
9SYN,A,B,train,204,16
9SPS,A,E,train,195,23
9SPS,E,A,train,124,21
9QDG,B,A,train,88,72
9QDG,A,B,train,393,124
9UGP,A,B,train,147,24
9QDD,B,A,train,88,74
9QDD,A,B,train,393,123
9V6Z,A,B,val,35,23
9V6Z,B,A,val,74,27
9TDZ,A,B,train,356,28
9T9W,A,C,train,355,27
9TES,A,B,val,350,28
9V8G,A,B,train,259,23
9V8D,A,B,train,261,21
9V8H,A,B,train,251,21
9YY0,H,L,train,209,53
9YY0,L,H,train,211,54
9R5Y,A,B,train,218,19
9R5Y,B,A,train,68,25
9R5Y,C,A,train,72,0
9R5Y,D,A,train,215,18
